"Taxa"	"hera_1"	"buddy_11"	"hera_11"	"jarjarbinks_11"	"padme_11"	"hera_14"	"iris_14"	"jarjarbinks_14"	"jarjarbinks_15"	"buddy_16"	"buddy_17"	"iris_17"	"lambchop_17"	"padme_17"	"buddy_18"	"hera_18"	"iris_18"	"jarjarbinks_18"	"lambchop_18"	"franc_19"	"hera_2"	"jarjarbinks_2"	"lambchop_2"	"goose_20"	"hera_20"	"iris_20"	"buddy_21"	"jarjarbinks_21"	"franc_22"	"goose_22"	"grogu_22"	"hera_22"	"iris_22"	"iris_23"	"franc_24"	"hera_24"	"jarjarbinks_29"	"jarjarbinks_3"	"jarjarbinks_32"	"grogu_36"	"franc_37"	"goose_37"	"grogu_37"	"hera_37"	"lambchop_37"	"goose_4"	"grogu_41"	"hera_41"	"goose_42"	"grogu_42"	"lambchop_42"	"buddy_44"	"franc_44"	"goose_44"	"iris_44"	"jarjarbinks_44"	"lambchop_44"	"buddy_45"	"franc_45"	"grogu_45"	"hera_45"	"jarjarbinks_45"	"buddy_46"	"goose_46"	"iris_46"	"lambchop_46"	"franc_47"	"buddy_48"	"franc_48"	"grogu_48"	"hera_48"	"iris_48"	"jarjarbinks_48"	"lambchop_48"	"franc_49"	"iris_49"	"jarjarbinks_49"	"padme_5"	"buddy_50"	"franc_50"	"grogu_50"	"jarjarbinks_50"	"lambchop_50"	"franc_51"	"lambchop_51"	"buddy_52"	"goose_52"	"grogu_52"	"jarjarbinks_52"	"franc_53"	"hera_53"	"iris_55"	"lambchop_55"	"buddy_56"	"franc_56"	"grogu_56"	"buddy_57"	"goose_58"	"goose_59"	"iris_59"	"padme_6"	"iris_60"	"hera_67"	"franc_68"	"jarjarbinks_68"	"hera_7"	"iris_7"	"padme_7"	"grogu_70"	"franc_9"	"grogu_9"
"chemoheterotrophy"	0.322598923411087	0.195028368504837	0.229080160461679	0.24402217613949	0.236487171686442	0.283446907616665	0.198575443975981	0.261280167890871	0.257688762255929	0.3087075025104	0.282376866226874	0.279191025438458	0.129376288396341	0.0842676647923582	0.291737463942783	0.321734851680023	0.264201423725574	0.305052043665905	0.170106892738666	0.250700502246894	0.335130111524164	0.286857658840913	0.328712696450645	0.326146455901246	0.312998987968065	0.292109363932568	0.326477404403245	0.290206243660543	0.309940606439512	0.223623404088666	0.332049112447341	0.333434681260768	0.297135842880524	0.295738781053704	0.270968614718615	0.316630150540674	0.264805169753086	0.317768183327798	0.230655383097416	0.331247363240051	0.308961212661614	0.295867526377491	0.331473060493317	0.281672560848762	0.282309646893893	0.149047720950139	0.332559938128384	0.269927144196783	0.315120087336245	0.326355621754358	0.33129520542838	0.319895660422101	0.232545423956931	0.307160948653005	0.272025377064879	0.306577671287581	0.329870879319051	0.319219671308493	0.290901109926632	0.30599053774905	0.283661016949153	0.134642915390609	0.313032502366677	0.322400442477876	0.258701831228741	0.334382803170123	0.322101700130779	0.330543582876512	0.315489076953356	0.331486093086879	0.288987726607364	0.282978597260924	0.197764934835171	0.326324430131969	0.31955733400025	0.308430882546363	0.276039876246133	0.156625511004666	0.221639001868748	0.316112430720507	0.331704125615764	0.29019228581181	0.324913051436939	0.31213399659971	0.335518814139111	0.320902899824253	0.326472587922616	0.330093140153755	0.297652729749555	0.306384628163243	0.316137043517525	0.305860453174145	0.29736328125	0.192378740697736	0.313533779313387	0.329922899842876	0.325862235532799	0.262809416652242	0.31291651828865	0.299298922505058	0.151265282911572	0.250483481063658	0.321029948060559	0.261441199507665	0.276476973174136	0.3275394268272	0.312478748724923	0.145519094600161	0.21119408395563	0.13574861004051	0.30141378807754
"fermentation"	0.302200396638021	0.186864769990612	0.2248574846928	0.239705446696856	0.23161951120576	0.265418787199172	0.193464929091606	0.254131689401889	0.251571272940585	0.213312293788553	0.261395764099003	0.275082951493127	0.12881407908411	0.0842676647923582	0.281898289010946	0.306832560101223	0.259232717022598	0.294998730642295	0.162059221034525	0.243880518107322	0.160687732342007	0.239041208340174	0.300326681970687	0.308384069708987	0.307376588327898	0.281413797988384	0.313209733487833	0.283049701341147	0.288215067208503	0.217357249157985	0.331653044323624	0.316104185669403	0.291980360065466	0.291947258219682	0.246144480519481	0.308290338539826	0.256992669753086	0.303354367319827	0.221357823232515	0.330403600056251	0.299673056917818	0.283606877686596	0.330646272564421	0.269606823382567	0.269867694734075	0.148268166671762	0.331470153975954	0.254418235591142	0.298908296943231	0.323215651543819	0.313548579524271	0.316860327246858	0.194439771197847	0.300886483997237	0.258020110126885	0.220263563238063	0.32171968549376	0.304039643708443	0.265755314479212	0.300659692143666	0.27328813559322	0.133718717721037	0.303092458188703	0.289214601769912	0.249196216392526	0.283465421778309	0.308254481113932	0.322843871615684	0.296923177852129	0.330398793448143	0.282231730660962	0.273077607161914	0.189095948575809	0.314642924796363	0.300237589095911	0.295870051295541	0.264548445710357	0.15501507205682	0.218698472023744	0.298363684349433	0.330934421182266	0.271987711912618	0.301482701812191	0.290661797116051	0.317179779551501	0.315905096660808	0.310031522343779	0.328614725014784	0.288798071885151	0.296915665319231	0.310774961900999	0.293471981513576	0.2652587890625	0.189449517073943	0.29162684701904	0.329338254101655	0.317505555018839	0.24982689977497	0.29994404029099	0.284995059521009	0.149493668117495	0.241337630942788	0.316609570118245	0.246559248069822	0.244534036284695	0.301509241987451	0.300068004080245	0.143518427711198	0.136446023345175	0.134551358798157	0.290409561288442
"anaerobic_chemoheterotrophy"	0.302200396638021	0.186864769990612	0.2248574846928	0.239705446696856	0.231518101612413	0.265418787199172	0.193464929091606	0.254131689401889	0.251403670493589	0.213312293788553	0.261296562670502	0.275082951493127	0.126463021960236	0.0819473612898855	0.281779744734658	0.306832560101223	0.259232717022598	0.294998730642295	0.159663349305812	0.243774781919112	0.160687732342007	0.239041208340174	0.300326681970687	0.308384069708987	0.307376588327898	0.281413797988384	0.313209733487833	0.283049701341147	0.288215067208503	0.217278922221352	0.331653044323624	0.316104185669403	0.291816693944354	0.291947258219682	0.246144480519481	0.308290338539826	0.256992669753086	0.303354367319827	0.221281924784638	0.330403600056251	0.299673056917818	0.283606877686596	0.330646272564421	0.269606823382567	0.269867694734075	0.147687322307481	0.331470153975954	0.254418235591142	0.299017467248908	0.323215651543819	0.312579226008501	0.316860327246858	0.194439771197847	0.300886483997237	0.258139813263107	0.220263563238063	0.321359013200606	0.304039643708443	0.265755314479212	0.300659692143666	0.273084745762712	0.133646231629306	0.303092458188703	0.289214601769912	0.249196216392526	0.282488329171643	0.308254481113932	0.322843871615684	0.296923177852129	0.330398793448143	0.282231730660962	0.273077607161914	0.189095948575809	0.314516638252194	0.300237589095911	0.295870051295541	0.264646663065364	0.154870545484577	0.218643508849071	0.298363684349433	0.330934421182266	0.271987711912618	0.299652205747758	0.290661797116051	0.317179779551501	0.315905096660808	0.310031522343779	0.328614725014784	0.288798071885151	0.296915665319231	0.310774961900999	0.293471981513576	0.25927734375	0.189396738269911	0.291773873410277	0.329338254101655	0.317505555018839	0.247100571230743	0.29994404029099	0.284995059521009	0.14920933487894	0.241337630942788	0.316609570118245	0.246783036813248	0.244275598283972	0.301509241987451	0.300068004080245	0.143381127042347	0.136301022257667	0.134321748970856	0.290409561288442
"animal_parasites_or_symbionts"	0.0322976673906884	0.0940038368913017	0.0695333943275389	0.0618731220110881	0.0644457965723557	0.0483050116449582	0.0975469528555002	0.0682712486883526	0.0682141959272605	0.119208148041888	0.039482168543227	0.0347606256912624	0.118949861151337	0.0824723934692771	0.0289248034140752	0.0210881484605652	0.0454827767426305	0.0299060675298299	0.0955891387148298	0.0493259318001586	0.1317843866171	0.0504022328024955	0.0272823591735829	0.0178740993129643	0.0208591026650174	0.0258535203286584	0.0125144843568946	0.0393328073932154	0.0185995623632385	0.0721782721077779	0.0020163468116516	0.00405391709739536	0.0200490998363339	0.015505630694358	0.0415313852813853	0.030956251325182	0.0518904320987654	0.0218532049153105	0.0736973928883154	0.00383209112642385	0.0183533957497399	0.0338022665103556	0.0040650406504065	0.0588724776367797	0.0410934898799615	0.119455229127816	0.00196864233987204	0.0629012479261343	0.0233078602620087	0.00849402197979147	0.00350458578778615	0.0179274365662793	0.0504710632570659	0.0195717246143219	0.048838879578645	0.104455473786297	0.00403952968332973	0.028164596662903	0.0308521979055622	0.0259212367561805	0.059864406779661	0.120816193392893	0.0350794151677711	0.034679203539823	0.0566609198080239	0.0100966236022147	0.00715439649203785	0.00640247729840566	0.0166633864724792	0.00364771491704956	0.0431820740907555	0.0401968340546629	0.0931178864185882	0.0155963882048368	0.0129423533825184	0.0153228988557148	0.045229091980553	0.122001073625965	0.0836814334395955	0.00732383214568488	0.00273245073891626	0.0412447377403573	0.00915248032216731	0.0134122536364209	0.00342075256556442	0.0145540421792619	0.0185425551641016	0.00532229450029568	0.0331656711725872	0.0108533141369954	0.0179488626742677	0.0182938571153476	0.019287109375	0.105029820024278	0.0196280232301698	0.00445792377681149	0.0155540527485267	0.0480353124459062	0.0208068372589917	0.0201853855926222	0.118085781150893	0.0627316680096696	0.0140346999668472	0.0492335235537653	0.052307851346462	0.0271324402238426	0.0187577921341947	0.120785359825824	0.105705792793446	0.123202073048726	0.0228100859932954
"human_associated"	0.00604400793276041	0.0861259643250745	0.0665071433598423	0.0594185111515511	0.0615049183652774	0.0383852324678685	0.0946403475150121	0.0506295907660021	0.0532975781446409	0.0164251900731602	0.037746143544467	0.0304418812871965	0.118728384755609	0.0821167265090441	0.0276603311336784	0.00906790383804302	0.0392241173379198	0.0188372683422188	0.0953741245853299	0.048162833729844	0.0113382899628253	0.0430142833689049	0.0042380363764789	0.00335139362118081	0.0145057910716294	0.020753647825471	0.00660486674391657	0.0284571170968105	0.0149265395436074	0.0672828385681836	0.000720123861304144	0.000456065673456978	0.0138297872340426	0.00441401165751797	0.0397050865800866	0.00862251749240229	0.0439332561728395	0.0116904682829625	0.0658039543091344	0.00108986077907467	0.0175360380442859	0.0223720203204377	0.000688989940746865	0.0351570626170169	0.0312363094716551	0.116077160588181	0.000457006257470295	0.038664069826156	0.0103165938864629	0.00418662694738537	0.00350458578778615	0.00673464548257055	0.050092530282638	0.0158876352751554	0.034713909504429	0.0196816703748075	0.0030296472624973	0.00332455149918454	0.0262745343951841	0.0195242220297195	0.0299661016949153	0.119928238769186	0.00830966656148101	0.00652654867256637	0.0465029588555985	0.00868526761480838	0.00646203554119548	0.00234339038373018	0.0102342058649872	0.000947002911157097	0.0279247832451301	0.0250785557597676	0.0858937312024533	0.00322030687630233	0.00806552457171439	0.00861502038668946	0.0385503118401021	0.107403889829459	0.0814279432780037	0.00263921879123779	0.000923645320197044	0.0313460006826715	0.00750503386417719	0.0074302625779233	0.00275560623337134	0.00587653778558875	0.00315223437789727	0.0018110585452395	0.0260924237661113	0.00825073370618528	0.0114014788056669	0.0116823929648886	0.0186767578125	0.101203356731936	0.0192604572520768	0.00211934081192677	0.00386436093131098	0.0419768045698459	0.012870733072188	0.0151508022396838	0.113602064696748	0.0491941982272361	0.00884075588462814	0.047387266420499	0.0415051429162144	0.00491775479057148	0.00714042842570554	0.116215208991232	0.0860581454360908	0.123136470240926	0.0226643346450955
"human_gut"	0.00547738218906412	0.0352259275888812	0.0358223661059892	0.0312751280206526	0.0289017341040462	0.0078495643923057	0.0946403475150121	0.0411201469045121	0.0335204893991452	0.0164251900731602	0.0225187242696295	0.030336546057829	0.0678399236758267	0.0764345234062733	0.00991820444936184	0.0082946717278223	0.0392241173379198	0.0121858339680122	0.0574702051849122	0.0327782183452287	0.0111524163568773	0.0428501067148251	0.00335511213137913	0.00323968050047478	0.0107387833127179	0.020753647825471	0.00643105446118192	0.0190465457004395	0.00922163175992498	0.0273361008850944	0.000720123861304144	0.000202695854869768	0.0138297872340426	0.00441401165751797	0.0301001082251082	0.0079864301364054	0.0212191358024691	0.00989704417137164	0.0281203749383325	0.00108986077907467	0.0173131223064348	0.0106486908948808	0.000688989940746865	0.0346716593856182	0.0126610006133357	0.0384427256886063	0.000457006257470295	0.0335425232633629	0.00567685589519651	0.00241536170041464	0.00298262620237119	0.00673464548257055	0.00651917900403769	0.00650472023946581	0.0345343548000958	0.0170003993382395	0.0023804371348193	0.00319909672563041	0.0177462845676303	0.0181915106283734	0.0289491525423729	0.118025478861243	0.00830966656148101	0.00625	0.0332230557755929	0.00607968733036587	0.00600046157396723	0.00234339038373018	0.0102342058649872	0.000947002911157097	0.0247719851368089	0.0250785557597676	0.0364451259067052	0.0026520174275431	0.00806552457171439	0.00848349335788505	0.0249963168491873	0.0407564933724243	0.005331427943278	0.00263921879123779	0.000923645320197044	0.0235521674820799	0.00448471535786198	0.0074302625779233	0.00171037628278221	0.0054920913884007	0.00271957475740157	0.0018110585452395	0.0238918579063188	0.00825073370618528	0.0075069142631371	0.0116823929648886	0.0155029296875	0.00675568691613448	0.0191134308608395	0.00211934081192677	0.00376775190802821	0.018954474640817	0.00722388970850079	0.0151508022396838	0.0464775486100479	0.0490330378726833	0.00861973698751243	0.0206445115810675	0.0218638548612188	0.00449381041207394	0.00714042842570554	0.0504874173744189	0.0312477343580077	0.0438718777163663	0.0139192537530972
"mammal_gut"	0.00547738218906412	0.0352259275888812	0.0358223661059892	0.0312751280206526	0.0289017341040462	0.0078495643923057	0.0946403475150121	0.0411201469045121	0.0335204893991452	0.0164251900731602	0.0225187242696295	0.030336546057829	0.0678399236758267	0.0764345234062733	0.00991820444936184	0.0082946717278223	0.0392241173379198	0.0121858339680122	0.0574702051849122	0.0327782183452287	0.0111524163568773	0.0428501067148251	0.00335511213137913	0.00323968050047478	0.0107387833127179	0.020753647825471	0.00643105446118192	0.0190465457004395	0.00922163175992498	0.0273361008850944	0.000720123861304144	0.000202695854869768	0.0138297872340426	0.00441401165751797	0.0301001082251082	0.0079864301364054	0.0212191358024691	0.00989704417137164	0.0281203749383325	0.00108986077907467	0.0173131223064348	0.0106486908948808	0.000688989940746865	0.0346716593856182	0.0126610006133357	0.0384427256886063	0.000457006257470295	0.0335425232633629	0.00567685589519651	0.00241536170041464	0.00298262620237119	0.00673464548257055	0.00651917900403769	0.00650472023946581	0.0345343548000958	0.0170003993382395	0.0023804371348193	0.00319909672563041	0.0177462845676303	0.0181915106283734	0.0289491525423729	0.118025478861243	0.00830966656148101	0.00625	0.0332230557755929	0.00607968733036587	0.00600046157396723	0.00234339038373018	0.0102342058649872	0.000947002911157097	0.0247719851368089	0.0250785557597676	0.0364451259067052	0.0026520174275431	0.00806552457171439	0.00848349335788505	0.0249963168491873	0.0407564933724243	0.005331427943278	0.00263921879123779	0.000923645320197044	0.0235521674820799	0.00448471535786198	0.0074302625779233	0.00171037628278221	0.0054920913884007	0.00271957475740157	0.0018110585452395	0.0238918579063188	0.00825073370618528	0.0075069142631371	0.0116823929648886	0.0155029296875	0.00675568691613448	0.0191134308608395	0.00211934081192677	0.00376775190802821	0.018954474640817	0.00722388970850079	0.0151508022396838	0.0464775486100479	0.0490330378726833	0.00861973698751243	0.0206445115810675	0.0218638548612188	0.00449381041207394	0.00714042842570554	0.0504874173744189	0.0312477343580077	0.0438718777163663	0.0139192537530972
"human_pathogens_all"	0.00122768911134196	0.0775950038777093	0.0515166443803223	0.0410512505819121	0.0460399553797789	0.0314845165185888	0	0.00950944386149003	0.0199446911924914	0	0.0219731164128763	0.000105335229367462	0.118728384755609	0.0651802045931847	0.0256450784367961	0.000773232110220723	0	0.00903782685960904	0.0939918908956874	0.0444091990483743	0.000185873605947955	0.00016417665407979	0.00176584849019954	0.000223426241412054	0.0037670077589115	0	0.000231749710312862	0.0131297193733799	0.0110972178805877	0.0613691548523537	7.20123861304144e-05	0.000202695854869768	0	0	0.0278003246753247	0.00063608735599689	0.0321662808641975	0.00252407837927599	0.0519904367955675	0	0.000297220983801456	0.0184642438452521	0	0.000485403231398655	0.0265924822570753	0.110497997615481	0	0.0199091105821251	0.00665938864628821	0.00269715389879634	0.00178957572142271	0	0.0464333781965007	0.0138153350218743	0.000119703136222169	0.00330880255576473	0.00144268917261776	0.000125454773554134	0.0205054242177212	0.00193243153195176	0.00345762711864407	0.00226519036659841	0	0.000221238938053097	0.0138856530450585	0.00434263380740419	0.00053850296176629	0.00092061765075114	0	0	0.0118792928724243	0	0.0677596272925635	0.00113657889751847	0	0.000131527028804419	0.0178264499337033	0.0974934963042491	0.0789820820050566	0	0	0.0103538514051655	0.0061321618158521	0	0.00123527175978715	0.000494288224956063	0.000432659620495704	0	0.00277690453735723	0	0.00541852458091099	0	0.0157470703125	0.100517232279517	0.000147026391237227	0	0.00053134962805526	0.0369568980439675	0.00951315053161724	0	0.0991666848931563	0.00016116035455278	0.000221018897115703	0.0387713997985901	0.0243965472683103	0.000339155502798033	0	0.102034011337112	0.0790980932356993	0.114280091187903	0.015085264538697
"aerobic_chemoheterotrophy"	0.0203985267730664	0.00816359851422507	0.00422267576887888	0.00431672944263405	0.004969070074029	0.0180281204174933	0.0051105148843746	0.00714847848898216	0.00636889298583759	0.0953952087218477	0.0210803035563712	0.00410807394533102	0.00291326643610406	0.00232030350247273	0.00991820444936184	0.0148319977505975	0.00501648272896661	0.0100533130236101	0.0104435434328542	0.00692572032778218	0.174349442379182	0.0478164505007388	0.0283860144799576	0.0177623861922583	0.00562239964016642	0.0106955659441847	0.0132676709154114	0.00715654231939592	0.0217255392310097	0.00634448186731417	0.000396068123717279	0.0173304955913652	0.00531914893617021	0.00379152283402184	0.0248241341991342	0.00833981200084812	0.0078125	0.0144802391232149	0.0093734583127775	0.000843763183799747	0.00921385049784515	0.0122606486908949	0.000826787928896238	0.0119963941474239	0.0124419521598178	0.00136039864265843	0.00108978415242916	0.0155810430642718	0.0161572052401747	0.00313997021053903	0.0187159794198792	0.00303533317524306	0.0381056527590848	0.0062744646557679	0.0138855638017716	0.086257059729591	0.00851186611844478	0.0151800276000502	0.0251457954474196	0.00533084560538415	0.0105762711864407	0.00101480528423609	0.00994004417797412	0.0331858407079646	0.00950561483621453	0.0518944739984801	0.0138472190168474	0.00774155751768004	0.0185658991012268	0.00108729963873593	0.00675599594640243	0.0099009900990099	0.00863949991154096	0.0118077918797752	0.0193197449043391	0.012560831250822	0.0113441045032657	0.00173431886691167	0.00299549301967682	0.0177487463710742	0.000769704433497537	0.0182045738991922	0.0252608456891818	0.0214092311567282	0.0184340554922083	0.00499780316344464	0.0165028740960504	0.00147841513897102	0.00885465786440323	0.0094689628440113	0.00541852458091099	0.0124526606329033	0.0379638671875	0.00298200242782499	0.0217599059031096	0.000584645741221179	0.00835668051396	0.0156655703652415	0.0130233504603958	0.0143509151649179	0.00205594803263271	0.00914585012087027	0.00442037794231407	0.0146581626944165	0.0322013748901639	0.026030184839749	0.0124107446446787	0.00213796755781339	0.0748930616979627	0.00142686106965378	0.0110042267890978
"nitrate_reduction"	0.000377750495797526	0.0509000367361933	0.0309662889717785	0.0288205171611156	0.0305749923942805	0.0310532217717588	6.38814360546825e-05	0.00872245540398741	0.0193580826280064	0.000143451441686989	0.0154258221318387	0.000210670458734924	0.0532735914953064	0.0793052638710114	0.0178211562018414	0.000632644453816955	0	0.00665143437420665	0.0414055780808453	0.0157546920433518	0.000650557620817844	0.000451485798719422	0.000971216669609748	0.000111713120706027	0.00387945575171483	0.000141663125088539	0.000115874855156431	0.00941057139637101	0.0057049077836824	0.0400250646197227	0	0.000101347927434884	0.000327332242225859	0	0.00994318181818182	0.000494734610219804	0.0227141203703704	0.00192627034207904	0.0378733254904937	0	0.000297220983801456	0.0122606486908949	0	0.000624089868941127	0.0191010251467625	0.068493778851151	0	0.0136334126812378	0.00496724890829694	0.00189203333199147	0.00149131310118559	9.48541617263457e-05	0.000294414535666218	0.00932535113976514	0.000239406272444338	0.00268127103656797	0.00115415133809421	0.000250909547108267	0.00909261930143601	0.00133271140134604	0.00284745762711864	0.11592338220104	0.000105185652676975	0.000497787610619469	0.0133730953823214	0.00260558028444251	0.000692360950842372	0	0.000131207767499836	0	0.00326539804076118	0.000118574731724669	0.0495960370348529	0.000820862537096672	0.000125046892584719	0.000591871629619887	0.014192407798458	0.0666473964570343	0.0761514785093987	0.00013196093956189	0	0.00807827966776653	0.00302031850631521	0	0.000665146332193083	0.000384446397188049	0.000556276654923048	7.39207569485512e-05	0.00246253798595829	0	0.00389456454252977	0.000128377944669106	0.00927734375	0.0945268380218504	0.000147026391237227	0	0	0.0243638566730137	0.00600295060283868	9.41043617371665e-05	0.067255746812187	0.000523771152296535	0	0.0267427548394316	0.0202615392567323	0	0.000396690468094752	0.0658454779043995	0.0549554121655912	0.0795270037557607	0.00889083224019822
"xylanolysis"	0.000188875247898763	0.000734723866280256	0.000914913083257091	0.000380887891997122	0.00360004056383734	0.000603812645561977	0.0275328989395682	0.00104931794333683	0.00134081957596581	0.000502080045904461	0.00143842071325827	0.0394480433981145	0	9.31508705372265e-05	0	0.000140587656403768	0.048635994457981	0.000203097232800203	0	0.0148030663494581	0.00148698884758364	0.0072648169430307	8.82924245099771e-05	0.0109478858291906	0.000899583942426628	0.0446947159654342	0.00127462340672074	0.000225402907697509	0.0167239762425758	0.00434714498315971	0	0.0111482720178372	0.0511456628477905	0.0877143342199083	0.0227272727272727	0.00063608735599689	0	0.000597808037196944	0.00083488292664415	0	0.0097339872194977	0.00522665103556077	0.000137797988149373	0.00110949310033978	0.00477525628669062	0	0	0.000793479044939768	0.00851528384279476	8.05120566804879e-05	0.000298262620237119	0.00493241640976998	0.00227119784656797	0.00230255583697905	0.0435120900167584	0.000114096639853956	0.000793479044939768	0.0191318529670054	0.0203800087790807	0.000599720130605717	0.00271186440677966	3.62430458655745e-05	0.0100452298306511	0.00984513274336283	0.0345743441591725	0.00119422429703615	0.0198476805908147	0.00150646524668368	0.0234861903824706	7.01483637894146e-05	0.00152009908794055	0.0440505128357147	0.00053075426077726	0.00448317231798952	0.0215705889708641	0.0443246087070893	0.00250454255266906	0.00142461906924887	0.000742002858085083	0.0527843758247559	0	0.000910228694959609	0.000366099212886692	0.0486115483911592	0.000190041809198024	0.00966608084358524	0.0072934050312133	0.000147841513897102	0.000681127528031018	0.0544880668918545	0.000225771857537958	0.0402464856537647	0.0008544921875	0.00116113368871061	0.00213188267293979	0	0.00280166167520046	0.0028994287692574	0.00427328686981737	0.0499694160824354	0.00170599943133352	0.0456083803384367	0.000773566139904962	0.005986348886651	0.00139556520390758	0.000763099881295574	0.0323586081831577	0.00335405919620266	0.000942507068803016	0.000114804913650304	0.00116601078559977
"human_pathogens_gastroenteritis"	0.000377750495797526	0.0429405281848239	0.0232950946583152	0.0179863726776419	0.0232735016732583	0.00138014318985595	0	0.000459076600209864	0.00167602446995726	0	0.0122513764198204	0	0.0529669318704533	0.00449664656866066	0.0147785197771368	0.000140587656403768	0	0.00543285097740543	0.0394090183069173	0.015278879196405	0.000185873605947955	0	0.000485608334804874	0	0.000224895985606657	0	0	0.00777640031556407	0.00523601125351672	0.0343071982454766	0	0	0	0	0.00946969696969697	0.000282705491554173	0.0199170524691358	0.00146130853537031	0.0297142423437441	0	0.000148610491900728	0.00923212192262603	0	0	0.015464820818365	0.0603313869952004	0	0.00209189930029575	0.00376637554585153	0.00152972907692927	0.00149131310118559	0	8.41184387617766e-05	0.00719548699055952	0	0.00205373951737121	0.000793479044939768	0.000125454773554134	0.00808929579231203	0.00106616912107683	0.000474576271186441	0.00108729137596724	0	0.000221238938053097	0.000838730720842458	0.0021713169037021	0.00053850296176629	0	0	0	0.00174529895282063	0	0.0450256531226042	0.000694575992927954	0	0	0.0118842999558022	0.0541561712846348	0.0058810596900077	0	0	0.00733871885311184	0.00219659527732015	0	0	0	0.000123617034427344	0	0.0019909881588599	0	0.00276570525483998	0	0.0089111328125	0.00920990130363646	0	0	0	0.0198199757659685	0.00498550134812026	0	0.0532578027602196	0	0	0.0200290925366454	0.0165400320463121	0	0	0.0553321695467117	0.0506053795403466	0.0642907516441704	0.00743331875819851
"nitrate_respiration"	0	0	0.000140755858962629	0	0.000659162356758949	0	6.38814360546825e-05	0	0.000167602446995726	0	9.92014285005704e-05	0.000105335229367462	0.00235105712387345	0.055399363186776	0	0	0	0	0.00368595650571323	0.000370076658736453	0	0	8.82924245099771e-05	0	0	0	0	0	0	7.83269366335083e-05	0	0	0	0	0	0	0	0	7.58984478767409e-05	0	0	9.76944118796405e-05	0	0	8.76193814071673e-05	0.000473846718229342	0	0	0	0	0.000969353515770636	0	0	0	0	0	0.000288537834523552	0	0.000125415438640497	0	0.000135593220338983	0	0	0	0	0.000977092606665943	0	0	0	0	0	0	0	0.000126286544168719	0	0	0	0.000144526572242639	5.49631746729691e-05	0.00013196093956189	0	0	0.00183049606443346	0	0	0	0	0	0	0	0	0	0.0059814453125	0.000105557608064601	0	0	0	0.00203392764410594	0.000101744925471842	0	0.000284333238555587	0	0	0	0.000206750400578901	0	0	0.000137300668850401	0.000145001087508156	0.000213209125350565	0.000145751348199971
"nitrogen_respiration"	0	0	0.000140755858962629	0	0.000659162356758949	0	6.38814360546825e-05	0	0.000167602446995726	0	9.92014285005704e-05	0.000105335229367462	0.00235105712387345	0.055399363186776	0	0	0	0	0.00368595650571323	0.000370076658736453	0	0	8.82924245099771e-05	0	0	0	0	0	0	7.83269366335083e-05	0	0	0	0	0	0	0	0	7.58984478767409e-05	0	0	9.76944118796405e-05	0	0	8.76193814071673e-05	0.000473846718229342	0	0	0	0	0.000969353515770636	0	0	0	0	0	0.000288537834523552	0	0.000125415438640497	0	0.000135593220338983	0	0	0	0	0.000977092606665943	0	0	0	0	0	0	0	0.000126286544168719	0	0	0	0.000144526572242639	5.49631746729691e-05	0.00013196093956189	0	0	0.00183049606443346	0	0	0	0	0	0	0	0	0	0.0059814453125	0.000105557608064601	0	0	0	0.00203392764410594	0.000101744925471842	0	0.000284333238555587	0	0	0	0.000206750400578901	0	0	0.000137300668850401	0.000145001087508156	0.000213209125350565	0.000145751348199971
"nitrite_ammonification"	0	0	0.000140755858962629	0	0.000659162356758949	0	0	0	0	0	0	0	0.00235105712387345	0.0553570218819863	0	0	0	0	0.0023958717287136	0.000105736188210415	0	0	8.82924245099771e-05	0	0	0	0	0	0	7.83269366335083e-05	0	0	0	0	0	0	0	0	7.58984478767409e-05	0	0	9.76944118796405e-05	0	0	8.76193814071673e-05	6.11415120295925e-05	0	0	0	0	0.000969353515770636	0	0	0	0	0	0.000288537834523552	0	0	0	0.000135593220338983	0	0	0	0	0.000977092606665943	0	0	0	0	0	0	0	0.000126286544168719	0	0	0	0.000144526572242639	5.49631746729691e-05	0	0	0	0.00183049606443346	0	0	0	0	0	0	0	0	0	0.0059814453125	0	0	0	0	0.00203392764410594	0.000101744925471842	0	0.000240589663393189	0	0	0	0.000206750400578901	0	0	0.000137300668850401	0.000145001087508156	0.000213209125350565	0
"nitrite_respiration"	0	0	0.000140755858962629	0	0.000659162356758949	0	0	0	0	0	0	0	0.00235105712387345	0.0553570218819863	0	0	0	0	0.0023958717287136	0.000105736188210415	0	0	8.82924245099771e-05	0	0	0	0	0	0	7.83269366335083e-05	0	0	0	0	0	0	0	0	7.58984478767409e-05	0	0	9.76944118796405e-05	0	0	8.76193814071673e-05	6.11415120295925e-05	0	0	0	0	0.000969353515770636	0	0	0	0	0	0.000288537834523552	0	0	0	0.000135593220338983	0	0	0	0	0.000977092606665943	0	0	0	0	0	0	0	0.000126286544168719	0	0	0	0.000144526572242639	5.49631746729691e-05	0	0	0	0.00183049606443346	0	0	0	0	0	0	0	0	0	0.0059814453125	0	0	0	0	0.00203392764410594	0.000101744925471842	0	0.000240589663393189	0	0	0	0.000206750400578901	0	0	0.000137300668850401	0.000145001087508156	0.000213209125350565	0
"human_pathogens_diarrhea"	0.000188875247898763	0	0.000281511717925259	0	0.00430990771727005	0	0	0.000459076600209864	0.000167602446995726	0	0	0	0.00235105712387345	0	0	0.000140587656403768	0	0	0.0023958717287136	0.000105736188210415	0	0	0	0	0	0	0	0	0	7.83269366335083e-05	0	0	0	0	0	0.000141352745777087	0	0	7.58984478767409e-05	0	0	9.76944118796405e-05	0	0	8.76193814071673e-05	6.11415120295925e-05	0	0	0	0	0.000969353515770636	0	0.041806864064603	0	0	0	0.000288537834523552	0	0	0	0.000135593220338983	0.000126850660529511	0	0	0	0.000977092606665943	0	0	0	0	0	0	0	0.000126286544168719	0	0	0	0.000144526572242639	5.49631746729691e-05	0	0	0	0.00183049606443346	0	0	0	0	0	0	0	0	0	0.0059814453125	0	0	0	9.66090232827746e-05	0.00212047775662108	0.000101744925471842	0	0.000240589663393189	0	0	0	0.000206750400578901	0	0	0.000137300668850401	0.000145001087508156	0.000213209125350565	0
"nitrate_ammonification"	0	0	0	0	0.000557752763411419	0	0	0	0	0	0	0	0	0.0553570218819863	0	0	0	0	0	0	0	0	8.82924245099771e-05	0	0	0	0	0	0	0	0	0	0	0	0	0	0	0	0	0	0	0	0	0	0	0	0	0	0	0	0	0	0	0	0	0	0	0	0	0	0	0	0	0	0	0	0	0	0	0	0	0	0	0	0	0	0	0	0	0	0	0	0	0	0	0	0	0	0	0	0	0	0	0	0	0	0	0	0	0	0	0	0	0	0	0	0	0	0	0	0
"ureolysis"	0.000188875247898763	0	0.000140755858962629	0	0	0	0	0.000459076600209864	0.000167602446995726	0	0	0	0	0	0	0.000140587656403768	0	0	0	0	0	0	0	0	0	0	0	0	0	0	0	0	0	0	0	0.000141352745777087	0	0	0	0	0	0	0	0	0	0	0	0	0	0	0	0	0.0504710632570659	0	0	0	0	0	0	0	0	0.000126850660529511	0	0	0	0	0	0	0	0	0	0	0	0	0	0	0	0	0	0	0	0	0	0	0	0	0	0	0	0	0	0	0	0	0	0	9.66090232827746e-05	0	0	0	0	0	0	0	0	0	0	0	0	0	0
"human_pathogens_pneumonia"	0.000188875247898763	0	0.000140755858962629	0	0	0	0	0.000459076600209864	0.000167602446995726	0	0	0	0	0.00109240566357293	0	0.000140587656403768	0	0	0	0	0	0	0	0	0	0	0	0	0	0	0	0	0	0	0	0.000141352745777087	0	0	0	0	0	0	0	0	0	0	0	0	0	0	0	0	0.041806864064603	0	0	0	0	0	0	0	0	0.000126850660529511	0	0	0	0	0	0	0	0	0	0	0	0	0	0	0	0	0	0	0	0	0	0	0	0	0	0	0	0	0	0	0	0	0	0	9.66090232827746e-05	0	0	0	0	0	0	0	0	0	0	0	0	0	0
"human_pathogens_septicemia"	0.000188875247898763	0	0.000140755858962629	0	0	0	0	0.000459076600209864	0.000167602446995726	0	0	0	0	0.00109240566357293	0	0.000140587656403768	0	0	0	0	0	0	0	0	0	0	0	0	0	0	0	0	0	0	0	0.000141352745777087	0	0	0	0	0	0	0	0	0	0	0	0	0	0	0	0	0.041806864064603	0	0	0	0	0	0	0	0	0.000126850660529511	0	0	0	0	0	0	0	0	0	0	0	0	0	0	0	0	0	0	0	0	0	0	0	0	0	0	0	0	0	0	0	0	0	0	9.66090232827746e-05	0	0	0	0	0	0	0	0	0	0	0	0	0	0
"reductive_acetogenesis"	0.000377750495797526	8.16359851422507e-05	0.000281511717925259	0.000169283507554277	0	0.000172517898731993	6.38814360546825e-05	0.000459076600209864	0.000754211011480768	0	0	0.000368673302786117	0	0	0	0.000632644453816955	0.000429984233911423	0.000456968773800457	0	0	0.000836431226765799	8.20883270398949e-05	0	0.000223426241412054	0.000618463960418306	0.000920810313075506	0.000115874855156431	0	0.000312597686777118	0.000352471214850787	0	0.000456065673456978	0.00016366612111293	0.000113179786090204	0.000270562770562771	0.000282705491554173	0.000337577160493827	0.000730654267685154	0.000341543015445334	0	0.000965968197354733	0.000439624853458382	6.88989940746865e-05	0.00110949310033978	0.000700955051257338	0	7.03086549954299e-05	0.000288537834523552	0.000709606986899563	0.000281792198381708	0	9.48541617263457e-05	8.41184387617766e-05	0.00293575869214828	0.000239406272444338	0	0.000288537834523552	0	0.000250830877280993	0	0.000474576271186441	0	0.00021037130535395	0.000995575221238938	0.000512557662737058	0.00021713169037021	0	8.36925137046491e-05	0.000262415534999672	7.01483637894146e-05	0.000619299628420223	0.000415011561036343	0.000206404434746712	0.000568289448759235	0.00100037514067775	0.000854925687228726	0.00108039090507293	4.12933063550398e-05	5.49631746729691e-05	0.000593824228028503	0.000153940886699507	0.000625782227784731	0	0.000692651596247088	0	0.000219683655536028	0.000988936275418753	0.000147841513897102	0.000471549827098397	0.000110748103438729	0.000225771857537958	0.000449322806341871	0	0.000105557608064601	0.000808645151804749	0	0	8.65501125151463e-05	0.000203489850943684	0.000329365266080083	0.000153102513068393	0.000443190975020145	0	0.00039163030099586	0.000465188401302528	0.00093267763269459	0.000793380936189505	3.9228762528686e-05	0	6.56028078001739e-05	0.000145751348199971
"cellulolysis"	0	0	0.000633401365331832	0	0.000101409593347531	0.000603812645561977	6.38814360546825e-05	0	0	0.000143451441686989	9.92014285005704e-05	0.000210670458734924	0	0	0	0.000140587656403768	9.55520519803163e-05	0	0	0	0.000371747211895911	0.00016417665407979	0	0.000111713120706027	0.00039356797481165	0.000495820937809888	0.000115874855156431	0.000112701453848755	0.000859643638637074	0.000156653873267017	0	0.000202695854869768	0.000572831423895254	0	0.000270562770562771	0	0	0.000464961806708735	0.000379492239383705	0	0.000520136721652549	0.000976944118796405	6.88989940746865e-05	0.000277373275084946	0.000700955051257338	0	0	0.000288537834523552	0.00109170305676856	8.05120566804879e-05	0	9.48541617263457e-05	0.000378532974427995	0.00074833064701819	0.000957625089777352	0	0.000504941210416216	0	0.00112873894776447	0.000599720130605717	0.00088135593220339	3.62430458655745e-05	0.000473335437046387	0.000497787610619469	0.000512557662737058	0.000434263380740419	0.000307715978152166	8.36925137046491e-05	0.000852850488748934	0	0.000112599932440041	0.000948597853797356	0.000206404434746712	0.000126286544168719	0.000687757909215956	0.000460344600815468	0.00206256445513922	8.25866127100797e-05	0.000109926349345938	0.000263921879123779	0	0.000625782227784731	0.000366099212886692	0.000125936653863107	0	0.000109841827768014	0.000432659620495704	7.39207569485512e-05	0.000471549827098397	0.000110748103438729	0	0.000449322806341871	0.00048828125	0.000105557608064601	0.000955671543041976	0	9.66090232827746e-05	0.000173100225030293	0.000457852164623289	0.000329365266080083	0	0.00064464141821112	0.000221018897115703	0.000727313416135168	0.000671938801881429	0.000169577751399016	0.00119007140428426	3.9228762528686e-05	0	0.000114804913650304	0.000145751348199971
"fumarate_respiration"	0	0	0.000140755858962629	0	0.000101409593347531	0	6.38814360546825e-05	0	0.000167602446995726	0	9.92014285005704e-05	0.000105335229367462	0.00235105712387345	3.38730438317187e-05	0	0	0	0	0.0023958717287136	0.000370076658736453	0	0	0	0	0	0	0	0	0	7.83269366335083e-05	0	0	0	0	0	0	0	0	7.58984478767409e-05	0	0	9.76944118796405e-05	0	0	8.76193814071673e-05	0.000443275962214546	0	0	0	0	0.000969353515770636	0	0	0	0	0	0.000288537834523552	0	0.000125415438640497	0	0.000135593220338983	0	0	0	0	0.000977092606665943	0	0	0	0	0	0	0	0.000126286544168719	0	0	0	0.000144526572242639	5.49631746729691e-05	0.00013196093956189	0	0	0.00183049606443346	0	0	0	0	0	0	0	0	0	0.0059814453125	0.000105557608064601	0	0	0	0.00203392764410594	0.000101744925471842	0	0.000284333238555587	0	0	0	0.000206750400578901	0	0	0.000137300668850401	0.000145001087508156	0.000213209125350565	0.000145751348199971
"plant_pathogen"	0	0	0	0	0	0	0	0	0	0	0	0	0	0.000414944786938554	0	0	0	0	0	0	0	0	0	0	0	0	0	0	0	0	0	0	0	0	0	0	0	0	0	0	0	0	0	0	0	0	0	0	0	0	0	0	0.0014300134589502	0	0.000119703136222169	0	0	0	0	0	0	0.000289944366924596	0	0	0	0	0	0	0	0	0	0	0	0	0	0	0	0	0	0	0	0	0	0	0	0	0	0	0	0	0	0	0	0	0	0	0	0	0	0	0	0.00016116035455278	0	0	0	0	0	0	0	0	0
"dark_hydrogen_oxidation"	0	0	0.000281511717925259	0	0	0	0	0.000131164742917104	0	0	0	0	0	0	0	0	0	0	0	0	0	0	0	0	0	0	0	0	0	0	0	0	0	0	0	0	0	0	0	0	0	0	0	0.000138686637542473	0	0	0	0	0.000109170305676856	0	0	0	0	0	0.000119703136222169	0	0	0	0	0	0	3.62430458655745e-05	0	0	9.31923023158287e-05	0	0	0	0	0	0	0	0	0	0.000125046892584719	0	9.82173550066297e-05	0	0	0	0	0	0	0	0	0	0	0	0	0	0	0.000128377944669106	0	5.27788040323006e-05	0	0	0	0	0	0	0	0.00016116035455278	0	0	0	0.000169577751399016	5.66700668706789e-05	0	0	0	0.000145751348199971
"human_pathogens_nosocomia"	0	0	0	0	0	0	0	0	0	0	0	0	0	0.00109240566357293	0	0	0	0	0	0	0	0	0	0	0	0	0	0	0	0	0	0	0	0	0	0	0	0	0	0	0	0	0	0	0	0	0	0	0	0	0	0	0	0	0	0	0	0	0	0	0	0	0	0	0	0	0	0	0	0	0	0	0	0	0	0	0	0	0	0	0	0	0	0	0	0	0	0	0	0	0	0	0	0	0	0	0	0	0	0	0	0	0	0	0	0	0	0	0	0	0
"chitinolysis"	0	0	0	0	0.000456343170063888	0	0	0	0	0	0	0	0	0	0	0	0	0	6.14326084285539e-05	0	0	0	0	0	0	0	0	0	0	0	0	0	0	0	0	0	0	0	0	0	0	0	0	0	0	0.000106997646051787	0	0	0	0	0	0	0	0	0	0	0	0	0	0	0	0	0	0	0	0	0	0	0	0	0	0	0	0	0	0	0	0	0	0	0	0	0	0	0	0	0	0	0	0	0	0	0	0	0	0	0	8.65501125151463e-05	0	0	4.3743575162398e-05	0	0	0	0	0	0	0	0	0	0
"respiration_of_sulfur_compounds"	0	8.16359851422507e-05	0	0	0	0	0	0	0	0	0	0	0	1.69365219158594e-05	0	0	0	0	0	0	0	0	8.82924245099771e-05	0	0	0	0	0	0	7.83269366335083e-05	0	0	0	0	0	0	0	0	0	0	0	0	0	0	0	1.52853780073981e-05	0	0	0	0	0	0	0	0	0	0.000114096639853956	0	0	0	0	0	0	0	0	0	0	0	0	0	0	0	0	5.89726956419178e-05	0	0	0	0	4.12933063550398e-05	0	0	0	0	0	0	0	0	0	0	0	0	0	0	0	0	0	0	0	0	0	0	4.3743575162398e-05	0	0	0	0	0	0	0	0.000145001087508156	6.56028078001739e-05	0
"sulfite_respiration"	0	8.16359851422507e-05	0	0	0	0	0	0	0	0	0	0	0	1.69365219158594e-05	0	0	0	0	0	0	0	0	8.82924245099771e-05	0	0	0	0	0	0	7.83269366335083e-05	0	0	0	0	0	0	0	0	0	0	0	0	0	0	0	1.52853780073981e-05	0	0	0	0	0	0	0	0	0	0.000114096639853956	0	0	0	0	0	0	0	0	0	0	0	0	0	0	0	0	5.89726956419178e-05	0	0	0	0	4.12933063550398e-05	0	0	0	0	0	0	0	0	0	0	0	0	0	0	0	0	0	0	0	0	0	0	4.3743575162398e-05	0	0	0	0	0	0	0	0.000145001087508156	6.56028078001739e-05	0
"thiosulfate_respiration"	0	8.16359851422507e-05	0	0	0	0	0	0	0	0	0	0	0	1.69365219158594e-05	0	0	0	0	0	0	0	0	8.82924245099771e-05	0	0	0	0	0	0	7.83269366335083e-05	0	0	0	0	0	0	0	0	0	0	0	0	0	0	0	1.52853780073981e-05	0	0	0	0	0	0	0	0	0	0.000114096639853956	0	0	0	0	0	0	0	0	0	0	0	0	0	0	0	0	5.89726956419178e-05	0	0	0	0	4.12933063550398e-05	0	0	0	0	0	0	0	0	0	0	0	0	0	0	0	0	0	0	0	0	0	0	4.3743575162398e-05	0	0	0	0	0	0	0	0.000145001087508156	6.56028078001739e-05	0
"plastic_degradation"	0	0	0	0	0	0	0	0	0.000167602446995726	0	9.92014285005704e-05	0	0	1.69365219158594e-05	0	0	0	0	0	0	0	0	0	0	0	0	0	0	0	0	0	0	0	0	0	0	0	0	0	0	0	0	0	0	0	0.000168139158081379	0	0	0	0	0	0	0	0	0	0	0	0	0	0	0	0	0	0	0	0	0	0	0	0	0	0	0	0	0	0	0	0	0	0	0	0	0	0	0	0	0	0	0	0	0	0	0	5.27788040323006e-05	0	0	0	0	0	0	4.3743575162398e-05	0	0	0	0	0	0	0	0	0	0
