"Taxa"	"hera_1"	"wolverine_1"	"buddy_11"	"hamlet_11"	"hera_11"	"jarjarbinks_11"	"joans_11"	"padme_11"	"ginger_14"	"hera_14"	"iris_14"	"jarjarbinks_14"	"kubo_14"	"wolverine_14"	"ginger_2"	"hera_2"	"jarjarbinks_2"	"lambchop_2"	"jarjarbinks_3"	"goose_4"	"padme_5"	"korra_6"	"padme_6"	"ginger_7"	"hera_7"	"iris_7"	"padme_7"	"charles_9"	"franc_9"	"grogu_9"	"henry_9"	"ivy_9"	"korra_9"	"ophelia_9"
"D-Sorbitol (D-Glucitol, Sorbitol, Glucitol, L-Sorbitol, Sorbitol) -- Consumption"	0.044556989305245	0.0453591364118651	0.0606203861958617	0.0398182921429391	0.0453095564308957	0.0416807861741782	0.0462036542733644	0.0478119231186882	0.0299052855653133	0.0462982718156603	0.0202388852023889	0.0348919703321509	0.0906449992355241	0.031896626673622	0.110055700562387	0.030990990990991	0.02253065742332	0.0330477356181151	0.0350148865685411	0.0767120894479385	0.0961356956017582	0.0264129431565232	0.0821084279851102	0.0889024436735161	0.0432904161104652	0.0375064986507563	0.0731140102098695	0.063430374128852	0.10408091946882	0.038577090258246	0.0737869134912049	0.0475152262009148	0.0379200224949286	0.0407848124261968
"Acetate -- Production"	0.0505104927130196	0.0484384370530977	0.0533473944507073	0.0451973694999754	0.051228806302449	0.0494548208982	0.0521965248239164	0.0467586057118037	0.0515370627321538	0.0497333048858545	0.0458474487479482	0.0479200257981296	0.059738330821484	0.0481220657276995	0.066571590022334	0.0496096096096096	0.0356383443534998	0.0423500611995104	0.051117540990481	0.0499825296995108	0.0544723997519079	0.049351213420924	0.052066431230314	0.0588425908276467	0.0506394522671489	0.0490679078058079	0.0520703346568349	0.0521669245624768	0.0596606352411276	0.0519368447967272	0.0527106623392235	0.0498850629191649	0.0458936712928559	0.0503678808247797
"L-Lactate ([S]-Lactate, Lactate, D-Lactate, [R]-Lactate) -- Production"	0.049837019476846	0.0471698113207547	0.0525655478381032	0.0430162192302016	0.0505865730433293	0.0426774572926426	0.0515421309132239	0.043631230318167	0.0505028741823447	0.0490719010027736	0.0241242622149268	0.0390841663979362	0.0566804272328157	0.0391018953225526	0.0654952506525307	0.0264264264264264	0.0270892196557048	0.015422276621787	0.0481192602843125	0.0497204751921733	0.0505083191759027	0.0393343829741028	0.044311348668512	0.0562121154359346	0.0494911653676671	0.0430272571980294	0.0456797126110796	0.050223709621313	0.059136444824105	0.04771797494247	0.0522899386945546	0.0395762731947769	0.0338428166864167	0.0471886638205105
"Succinate -- Production"	0.043843107674901	0.0461087788900678	0.0492927015527837	0.0410482640995785	0.0414240452132214	0.0394283094464489	0.0415023506518108	0.0387121294385927	0.028397093930175	0.0406656710049072	0.0442758355743373	0.0416639793614963	0.0488827730817116	0.0399169709615719	0.0643381858299922	0.0384384384384384	0.0337304477003291	0.0391676866585067	0.0343439426342936	0.046785464709993	0.0528004746110077	0.0299419078125848	0.0495609430180395	0.0489115931531394	0.042242604314688	0.0377293095338301	0.0513140480242012	0.0488442669161659	0.0518560223654578	0.0389925850166198	0.0468205313138598	0.042420077256677	0.0367551065496395	0.0436158294728555
"D-Glucose (Glucose) -- Consumption"	0.0502815118127206	0.0492457443373161	0.0445288919597076	0.0435902061432999	0.0482531255351944	0.0391891083780174	0.0489073343780675	0.0437941144532523	0.0514939715425784	0.0492532536803926	0.0289526071316313	0.0449102440073095	0.025882969661228	0.0421122413493306	0.0286844442052579	0.0412012012012012	0.0433427514491276	0.0362301101591187	0.0508030360213025	0.0207023060796646	0.0272901329450152	0.04603941582062	0.0279421590149852	0.0357973390263429	0.0503523805422785	0.0484489886861585	0.0256759311779164	0.0382765362793431	0.0334899433097771	0.0481015085655843	0.039928677324999	0.0372538332108918	0.0464359597501456	0.0487328549368698
"D-Mannose (Mannose) -- Consumption"	0.0502006950243797	0.0491073488028786	0.0443834321248045	0.0435902061432999	0.0481781983216304	0.0391293081109096	0.048786788131361	0.0428928222391139	0.0514077891634276	0.0492532536803926	0.028865295288653	0.0448027518004945	0.0257737588187755	0.0418731524952182	0.0285499017840325	0.0406006006006006	0.0421630596254114	0.0362301101591187	0.0505304650480144	0.0109014675052411	0.0267777687889329	0.0457951028828927	0.0277035410900067	0.0352826807975296	0.050065308817408	0.0469635827989998	0.025732652675364	0.0376407931195797	0.0330628251922032	0.0467271797494247	0.0396481948952198	0.0366613740313292	0.0462351121733716	0.0487025766796863
"Sucrose -- Consumption"	0.0507394736133186	0.0481270471006135	0.0413833230299284	0.0969873886875379	0.0533695838328481	0.0725975242689417	0.0476157674490692	0.046975784558584	0.0513474614980221	0.0517388521442287	0.0276865854084448	0.0432333655809954	0.033855361160256	0.0407863849765258	0.0131313403116002	0.0414414414414414	0.0331915761265329	0.0342717258261934	0.0503627290644525	0.00440251572327044	0.0118113421244236	0.0489983169553179	0.0125990264388661	0.0234264801189432	0.0507542809570971	0.0463694204441364	0.0153715258082813	0.0330826346156153	0.0176671584996505	0.0469828688315009	0.0375045077533357	0.0322771761025665	0.0447890096205989	0.0487328549368698
"D-Arabinose (L-Arabinose, Arabinose, L-Arabinopyranose, L-Arabinofuranose) -- Consumption"	0.050066000377145	0.0478848549153481	0.0442925197279901	0.0434754087606803	0.0479641205685905	0.0389299738872167	0.048735125454201	0.0433054620479965	0.0513474614980221	0.0491785790484318	0.0287954458142702	0.0433408577878104	0.0255990214708516	0.0416014606155451	0.0284691763312973	0.04	0.0336284990242055	0.0354957160342717	0.050488531052124	0.00842068483577918	0.0265620365126878	0.0453607687713774	0.0272978906175432	0.0352064351340017	0.0499648337137034	0.046790285445498	0.0251087162034411	0.0376168028116641	0.0330628251922032	0.0460240347737152	0.0390471611171214	0.0365665805625992	0.0447890096205989	0.04847548975081
"D-Xylose (Xylose) -- Consumption"	0.050066000377145	0.0478848549153481	0.0442561547692643	0.0434754087606803	0.0479641205685905	0.0389299738872167	0.0487006836694278	0.0427625149310457	0.0513474614980221	0.0491785790484318	0.0287954458142702	0.0432978609050844	0.0255990214708516	0.0416014606155451	0.0284691763312973	0.04	0.0336284990242055	0.0354957160342717	0.050488531052124	0.00698812019566737	0.0265620365126878	0.0453607687713774	0.0272978906175432	0.0352064351340017	0.0499217729549728	0.046790285445498	0.0251087162034411	0.0375568270418751	0.0330628251922032	0.0460240347737152	0.0390471611171214	0.0365665805625992	0.0447890096205989	0.04847548975081
"Formate -- Production"	0.000377145012257213	0.00196060340453015	0.0350558202116441	0.00122997195663939	0.00827410515499229	0.0216476966930452	0.0135356214159018	0.00989249647084374	0.000275783613282428	0.00432046084915724	0.018125938602312	0.00580457916801032	0.108948736430553	0.00717266562336985	0.153109275354519	0.0042042042042042	0.0144184556231977	0.0122399020807834	0.00109028389315218	0.125803633822502	0.128549470107596	0.00274173407894023	0.110050587000095	0.109698448400747	0.000330132483601028	0.00158443294630258	0.100548307808659	0.0485683783751365	0.135687660169294	0.0082459728969573	0.0635292703449934	0.042846647865962	0.00391652774709273	0.000650982529445605
"Trehalose -- Consumption"	0.0499717141240807	0.047688794574895	0.043837957743918	0.042655427456254	0.0477714505908546	0.0375346343213666	0.048735125454201	0.0426213486806385	0.0513474614980221	0.0490185619799445	0.0245608214298187	0.0380737396538751	0.024856387742175	0.0402973395931142	0.0284691763312973	0.0381981981981982	0.0280067577408173	0.0325581395348837	0.0504256300582883	0.0108665269042628	0.0252946093897473	0.0435148487974374	0.0244821991027966	0.0351873737181198	0.0499217729549728	0.0465179610328522	0.0221402911703536	0.0371369966533521	0.0330628251922032	0.0461838404500128	0.0388868854429619	0.0303339099936014	0.0447287553475667	0.0470675507917764
"Raffinose -- Consumption"	0.0501468171654858	0.0480001845273792	0.0412014982362995	0.0439181986650704	0.0476108922760747	0.0409831163912532	0.0473574540632696	0.0432511673363014	0.0513474614980221	0.0493385961169191	0.0439091258338281	0.0447382564764055	0.0263198130310377	0.0466331942270909	0.0128622554691494	0.0424024024024024	0.0351286009728817	0.0379436964504284	0.050488531052124	0.0107267645003494	0.0128900035056495	0.0462837287583474	0.0145795552161878	0.0234455415348252	0.0501083695761386	0.0469883395637858	0.0158442049536774	0.0335864310818429	0.0176671584996505	0.0461838404500128	0.0326962375285491	0.0377514989217243	0.0448894334089859	0.0487328549368698
"D-Fructose (Fructose) -- Consumption"	0.0501468171654858	0.048461502975504	0.0410196734426706	0.0446561818390541	0.0480176400068505	0.0417405864412861	0.0471852451394031	0.0425996307959605	0.0510199684572492	0.0494132707488799	0.0446076205776552	0.0458776738686445	0.0259484961666994	0.0474700052164841	0.0125124451739634	0.0406006006006006	0.0411144446709971	0.0325581395348837	0.0480144252945863	0.013487071977638	0.0129439365747108	0.0448721428959227	0.0141500429512265	0.0226640234836644	0.0499217729549728	0.0457505013244869	0.0163168840990736	0.0335624407739273	0.0175312572804225	0.0472385579135771	0.032736306447089	0.0370879446406143	0.0409327361465384	0.0489599418657462
"Cellobiose -- Consumption"	0.0502006950243797	0.0487844258891913	0.0410742208807593	0.0435574068911229	0.0477179311525946	0.0391293081109096	0.0474091167404295	0.0419155174286025	0.0514077891634276	0.0492532536803926	0.0277040477770405	0.0448027518004945	0.0256645479763231	0.0411341505825074	0.0129160724376396	0.0406006006006006	0.040779470449448	0.0354957160342717	0.0505304650480144	0.00330188679245283	0.0129978696437721	0.0457951028828927	0.0142216283287201	0.0235027257824711	0.050036601644921	0.046765528680712	0.0161278124409151	0.0330466491537419	0.0176671584996505	0.046439529532089	0.0330368233361382	0.0332488091570491	0.0462351121733716	0.0487328549368698
"Lactose -- Consumption"	0.050066000377145	0.0479540526825668	0.0409287610458562	0.0434262098824147	0.0475894845007707	0.0389897741543246	0.0473574540632696	0.0420784015636877	0.0513819344496824	0.04928525709409	0.027136520797681	0.0435128453187144	0.0256645479763231	0.0408081203268997	0.0128622554691494	0.04	0.0347208062683872	0.0354957160342717	0.050488531052124	0.0146575821104123	0.0118652751934849	0.0460122699386503	0.0127899207788489	0.0234836643665891	0.050065308817408	0.046765528680712	0.0138589525430138	0.0329027073062483	0.0177254018793197	0.0456405011506009	0.0325760307729294	0.0330118254852241	0.0448894334089859	0.0485057680079935
"Maltose -- Consumption"	0.050066000377145	0.0479540526825668	0.0409287610458562	0.0434262098824147	0.0476430039390307	0.0389299738872167	0.0473574540632696	0.0420023889673146	0.0513819344496824	0.04928525709409	0.027136520797681	0.0434053531118994	0.0257300744817946	0.0408081203268997	0.0129967978903748	0.04	0.03435670385366	0.0350061199510404	0.050488531052124	0.00447239692522711	0.0119192082625462	0.0458765405288018	0.0128376443638446	0.0237124013571728	0.050036601644921	0.046765528680712	0.013953488372093	0.0328667218443749	0.0180166187776656	0.0456405011506009	0.032736306447089	0.0330592222195891	0.0448894334089859	0.0485057680079935
"Indole -- Production"	0.048894156946203	0.0471467453983485	0.0397105349285429	0.042655427456254	0.0444532454187361	0.0402854466083282	0.0465825139058706	0.0358019328917363	0.0495721044875165	0.0467996586302539	0.0431669751685119	0.0440503063527894	0.0252277046065133	0.0448074247956877	0.0129160724376396	0.0366366366366366	0.0316186536949113	0.0367197062423501	0.0495240491466432	6.98812019566737e-05	0.0121349405387914	0.0437320158531951	0.0142216283287201	0.0229690061377759	0.04819934260575	0.0449335280865496	0.0150879183210437	0.0311874002902827	0.0173759416013046	0.0450652007159294	0.0284890010818608	0.0342441405787141	0.0440257888288578	0.0483543767220759
"Propanoate (Propionate) -- Production"	0.0499447751946338	0.0465354984545832	0.0408923960871304	0.0440821949259557	0.0474824456242507	0.0400462455398967	0.0468408272916703	0.0408296231947008	0.0502874182344678	0.048933219543418	0.0424248245031956	0.0416209824787703	0.0250529672585894	0.0455138236828378	0.0117051906466109	0.0351951951951952	0.0212490169234802	0.015422276621787	0.0477418543212983	0.000541579315164221	0.0109214464849122	0.0400944676692546	0.0100935382265916	0.0213106629560444	0.04970646916132	0.0437947169063947	0.0125354509359047	0.0333465280026869	0.017278869301856	0.0467271797494247	0.0322955483431502	0.0342441405787141	0.031693747614935	0.0482484028219336
"D-Mannitol (Mannitol) -- Consumption"	0.0444761725169042	0.0453591364118651	0.0412014982362995	0.0395722977516113	0.0410494091454016	0.0283253931867562	0.0387814496547211	0.0426539255076556	0.0298621943757379	0.0424471943673992	0.0202388852023889	0.0320971729549608	0.0153987287857939	0.031755346896192	0.0263164975916907	0.03003003003003	0.0224578369403746	0.02937576499388	0.0343858766301841	0.0125611460517121	0.0235148181107246	0.0258971713990988	0.0226209792879641	0.0261903854218291	0.0433621840416828	0.0373332012972545	0.0195311022877671	0.036957069343985	0.0257241593538868	0.0352531321912554	0.0375245422126057	0.0251202692134512	0.0361927333346723	0.0407848124261968
"Glycerol -- Consumption"	0.0444761725169042	0.0453591364118651	0.0411105858394851	0.0395722977516113	0.0410494091454016	0.0282655929196484	0.0387470078699478	0.0412096861765664	0.0298621943757379	0.0424471943673992	0.0202388852023889	0.0319896807481458	0.0152895179433414	0.031755346896192	0.0263164975916907	0.03003003003003	0.0224578369403746	0.02937576499388	0.0343858766301841	0.00960866526904263	0.0231912196963568	0.0257342961072805	0.0224539467404791	0.0261713240059472	0.0432904161104652	0.0373332012972545	0.0195311022877671	0.036237360106517	0.0257241593538868	0.0352531321912554	0.037424369916256	0.0251202692134512	0.0361927333346723	0.0407848124261968
"Nitrate (NO3-) -- Consumption"	0.0495002828587592	0.0454168012178807	0.0398923597221717	0.0418354461518277	0.046893731803391	0.0350429565252058	0.0466686183678038	0.0391247692474753	0.0501581446657417	0.0485385107744826	0.0179513149163553	0.0319466838654198	0.0233274359478409	0.0360806816205877	0.0118397330678363	0.0237837837837838	0.00952491916926393	0.00807833537331701	0.0474273493521198	6.98812019566737e-05	0.00714613165062158	0.035723980672132	0.0044144316121027	0.0212153558766345	0.0490605577803614	0.0413190404277969	0.0048780487804878	0.0312833615219451	0.0173759416013046	0.0434671439529532	0.0318347557799415	0.0212574353627035	0.0313322219767418	0.045281133617949
"Adenosylcobalamin (Vitamin B12, Cobamide coenzyme, Cob[II]alamin, Vitamin B12r, Cob[I]alamin, Vitamin B12s, Aquacobalamin, Cobalamin [III]) -- Consumption"	0.000202041970852078	0.00126862573234304	0.019600712753191	0.000623185791363957	0.00404606953245419	0.0146111985966871	0.00774940157398956	0.00640677598001955	0.000689459033206071	0.000725410710475784	0.00602451716550833	0.00311727399763517	0.0755302186401066	0.00372761258911494	0.0844119150768237	0.00480480480480481	0.0145640965890886	0.019094247246022	0.0007967459219189	0.0782844164919637	0.0757759620311194	0.00393615288560725	0.0652142788966307	0.0640654187793069	0.000186596621165798	0.00319362265739113	0.0597277368122518	0.0274689025633644	0.0783179311951542	0.00447455893633342	0.0362423368193293	0.0252387610493637	0.00960051416979654	0.000378478214793956
"CO2 -- Production"	0.000511839659491932	0.00146468607279605	0.0127822829921088	0.0026731390524296	0.00396043843123823	0.0118603863097255	0.00482184986826017	0.00537517645781301	0.000275783613282428	0.000800085342436527	0.0244735095868404	0.0102117596474256	0.0349911539217614	0.00975917231785776	0.0537093345531846	0.0126126126126126	0.0117532259473945	0.011015911872705	0.000670943934247494	0.0407058001397624	0.0442790496993231	0.00637928226288072	0.0422830963061945	0.0351492508863558	0.000645911380958533	0.00220335206595202	0.0427491019096237	0.0195760912591313	0.0420517201211462	0.00565712094093582	0.0204351484553432	0.0245278100338887	0.00100423788386993	0.00355769521906319
"Ethanol -- Production"	0.000228980900299022	0.00170687825806154	0.0122368086112222	0.000491988782655755	0.00345735571159445	0.00703649809635816	0.00473574540632696	0.00418069280052123	0.000129273568726138	0.000320034136974611	0.000960430272762198	0.00193485972267011	0.0332000961055414	0.000978090766823161	0.0537631515216748	0.0012012012012012	0.0103259444816638	0.00489596083231334	0.000314504969178513	0.0497204751921733	0.0419868942642181	0.00143873174439438	0.0383936241290446	0.0351873737181198	0.000186596621165798	0.000594162354863466	0.0371714879939497	0.0187964062518742	0.0417993321425798	0.00463436461263104	0.020495251833153	0.0114226129819655	0.00230974713290084	0.000681260786629122
"Starch (Amylopectin, Amylose, 1,4-alpha-D-Glucan, Pullulan, Resistant starch, Glycogen) -- Macromolecule"	0.00592656447832763	0.00392120680906029	0.00332739372340812	0.0042311035308395	0.00720371638979277	0.0136145274782227	0.0104703025710792	0.00282332500814421	0.0224763644825179	0.00720076808192874	0.0245171655083295	0.0128990648178007	0.0117947709848634	0.016453660233003	0.00330974356214514	0.0228228228228228	0.0200401969065859	0.02937576499388	0.018618694175368	0.0108315863032844	0.0047730766119246	0.0252185243498561	0.00723012312684929	0.0113606038656551	0.00717679312176147	0.0134429232787859	0.00714690867838911	0.00173929732388115	0.00766871165644172	0.0124648427512145	0.00220379051969387	0.0138635448017632	0.0215308602301713	0.00799345989644836
"L-Rhamnose (Rhamnose, D-Rhamnose) -- Consumption"	0.00175103041405135	0.00242192185265489	0.00250918215207826	0.00311592895681978	0.00377847234115431	0.00617936093447884	0.00129156692899826	0.00848083396677164	0.0027147449432489	0.003147002346917	0.0257220689414312	0.0127485757282597	0.00410632767621169	0.0113893235958964	0.00121088179102871	0.0213813813813814	0.0234773237016108	0.030110159118727	0.00356438965068981	0	0.0068764663053151	0.0112112492534882	0.0101412618115873	0.00306888795699745	0.00241140248891185	0.0064615156091402	0.0113064851578748	0.00335864310818429	0.000873650695037664	0.00319611352595244	0.00526906278799535	0.0188402019100884	0.0138986523127598	0.00355769521906319
"Melibiose -- Consumption"	0.00579186983109291	0.00302163583521705	0.00281828430124732	0.00336192334814766	0.00677556088371296	0.0104650467438755	0.0101258847233464	0.00173743077424259	0.0217007230701611	0.00661403883080862	0.00395522648692069	0.0090293453724605	0.0105279252124151	0.00778125543383759	0.00255630600328283	0.0162162162162162	0.00668492033439166	0.00979192166462668	0.0182412882123538	0.00145003494060098	0.00134832672653237	0.020440849123188	0.00155101651236041	0.00974038351568755	0.00686101422440397	0.00972940856088926	0.00194743807903195	0.000839660777046073	0.0072804224586472	0.0108028637177193	0.00196337700845454	0.00616157546745029	0.0136174657052763	0.00726678172404396
"Mucin (Mucus Glycoprotein) -- Macromolecule"	0.000606125912556235	0.00262951515431102	0.00132732099349067	0.00204995326106565	0.000674344922075698	0.00578069248709311	0.000654393910692452	0.00280160712346617	0.00106004326355433	0.000672071687646682	0.0277040477770405	0.0127485757282597	0.00312343009413975	0.0112045731177187	0.00115706482253855	0.0177777777777778	0.0253706562581923	0.0305997552019584	0.00276764372877091	0.00490915443745632	0.00660680096000863	0.00944676692545741	0.0103798797365658	0.00238267698524646	0.000861215174611377	0.00507513678112544	0.0115900926451125	0.00293881271966126	0.000446532577463695	0.00239708514446433	0.00110189525984694	0.0163044766215608	0.0132961095824379	0.00333060829018682
"Fructan (Inulin, Levan) -- Macromolecule"	0.000538778588938876	0.00247958665867048	0.00123640859667624	0.0018859570001804	0.000749272135639664	0.00568102537524668	0.000654393910692452	0.0030187859702465	0.00116346211853524	0.000832088756133988	0.0265253378968323	0.0123616037837257	0.00288316624074438	0.0108785428621109	0.00115706482253855	0.0165765765765766	0.0251958870991232	0.0288861689106487	0.00293537971233279	0.00164220824598183	0.00579780492408921	0.0100168304468212	0.00966402596163024	0.00243986123289238	0.000832508002124331	0.00559502884163098	0.0102098695405559	0.00171530701596555	0.000543604876912324	0.00230120173868576	0.00102175742276716	0.0156409223404507	0.0132961095824379	0.00333060829018682
"Butyrate -- Production"	0.00078122895396137	0.00328689394288878	0.00150914578711953	0.0537579743181855	0.00613332762459325	0.0392887754898639	0.00129156692899826	0.0235530459333261	0.0029302008911258	0.00282696820994239	0.00421716201585583	0.000967429861335053	0.0102658191905292	0.00193444618327247	0.00174905147593036	0.0042042042042042	0.00208266581223967	0	0.000461273954795152	0.000262054507337526	0.0010247283121646	0.0078180140072751	0.00310203302472082	0.000362166901757463	0.0011913476582124	0.00663481296264204	0.00421629797693326	0.00413832811544136	0.000291216898345888	0.00760675019176681	0.0252033497615899	0.00113752162476005	0.00044186466890277	0.00102946074423956
"Niacin (Vitamin B3, Nicotinic acid, Nicotinate, Nicotinamide, Vitamin B3) -- Consumption"	0	0	0.00363649587257718	8.19981304426259e-05	0.00115601986641548	0.00474415452389021	0.00137767139093148	0.0011401889455967	0	0.00360571794324728	0	0.00268730517037515	0.0241792805189699	0	0.0164949008422356	0.00036036036036036	0.000436922897672657	0.00244798041615667	0.000104834989726171	0.0192522711390636	0.0165844187363482	0.000108583527878821	0.0155817505010976	0.0139148335938394	0	0	0.0106447343543203	0.00501397435436084	0.0183078356760115	0.000543339299411915	0.00811395600432744	0.0041946109913027	0.000502118941934966	0
"H2 (Hydrogen) -- Production"	0.000511839659491932	0.00276791068874844	0.000909123968144296	0.00242714466110173	0.00104898098989553	0.00607969382263241	8.61044619332174e-05	0.00231295471821045	0.000258547137452277	0.000725410710475784	0.0245433590612231	0.0115661614532946	0.00268658672432999	0.0100308641975309	0.00021526787396066	0.0126126126126126	0.0214383501791384	0.00734394124847001	0.000356438965068981	0.0030398322851153	0.00444947819755683	0.00646071990878984	0.00746874105182781	0.000362166901757463	0.000545436277253872	0.00210432500680811	0.00831915295897145	0.00269890964050524	0.000446532577463695	0.00367553055484531	0.00148254998597588	0.0136265611299381	0.00170720440257888	0.00370908650498077
"Mannan -- Macromolecule"	0.000606125912556235	0.00209899893896757	0.000545474380886578	0.00160716335667547	0.000620825483815722	0.00418601869755018	0.000602731233532522	0.00200890433271799	0.00101695207397895	0.000533390228291018	0.00653092585478294	0.00855637966247447	0.00207500600659633	0.00374934793948879	0.00115706482253855	0.0192192192192192	0.0171565057819463	0.0239902080783354	0.00272570973288045	0	0.00423374592131165	0.00863239046636625	0.0068721962393815	0.00240173840112844	0.000760740070906716	0.00460475825019187	0.00746833049725846	0.0011395396259911	0.000388289197794517	0.00281257990283815	0.000580999318828385	0.00497665710832524	0.0132157705517283	0.00261906924637418
"Dextrin (Maltotriose, Maltodextrin, Maltohexaose, Maltotetraose, Maltooligosaccharide) -- Consumption"	0.000161633576681663	0.00164921345204595	0.000600021818975235	0.000951178313134461	0.000428155506079808	0.00388701736201088	0.000309976062959583	0.00168313606254751	0.000818732601932209	0.000618732664817581	0.0202388852023889	0.00414919918305923	0.00170368914225804	0.0085093896713615	0.000753437558862309	0.00720720720720721	0.0153359937083103	0.0203182374541004	0.000356438965068981	0.000262054507337526	0.00399104711053583	0.00545632227591074	0.00763577359931278	0.00163928176584957	0.000358839656088074	0.00386205530661253	0.00614482889014937	0.00243501625343361	0.000388289197794517	0.0024929685502429	0.00042072364466883	0.0084129203497879	0.00793347928257246	0.00113543464438187
"D-Galactose -- Consumption"	0.000296328223916382	0.00219126262859252	0.000509109422160806	0.000623185791363957	0.000620825483815722	0.00185380828034365	0.000516626771599304	0.00173743077424259	0.000861823791507588	0.000480051205461916	0.00522124821010722	0.00457916801031925	0.00104842408754341	0.00358633281168492	0.000807254527352474	0.00696696696696697	0.0207684017360403	0.018359853121175	0.000587075942466558	0.013487071977638	0.00404498017959712	0.00513057169227428	0.00644268397442016	0.00171552742937745	0.000545436277253872	0.00383729854182655	0.00727925883910002	0.0011395396259911	0.000446532577463695	0.00207747379186909	0.000681171615178106	0.00457378486622272	0.00948000562373215	0.000802373815363188
"CO2 -- Consumption"	0.000404083941704157	0.00113023019790561	0.000781846612604095	0.00229594765239353	0.000674344922075698	0.00528235692786094	0.000137767139093148	0.00162884135085243	6.03276654055312e-05	0.000426712182632814	0.0244298536653512	0.00995377835106955	0.0019657951641439	0.00943314206225004	0	0.012012012012012	0.0116075849815036	0.00685434516523868	0.000314504969178513	0.000192173305380853	0.00355958255804547	0.00483196699060752	0.00555979765199962	1.90614158819717e-05	0.000545436277253872	0.00151016265194464	0.00746833049725846	0.00105557354828649	9.70722994486293e-05	0.00223727946816671	0.000500861481748608	0.0128445150129156	0.000301271365160979	0.00307324310412693
"NH3 (Ammonia, NH4+, Ammonium) -- Consumption"	0.000377145012257213	0.00109563131429626	0.000727299174515437	0.00226314840021647	0.000642233259119712	0.00518268981601451	5.16626771599304e-05	0.00162884135085243	0	0.000405376573501173	0.024386197743862	0.00973879393743954	0.0021405325120678	0.00921578855851156	0.000134542421225412	0.0111711711711712	0.0115784567883254	0.00685434516523868	0.000104834989726171	6.98812019566737e-05	0.00372138176522935	0.00445192464303165	0.00560752123699532	0.000247798406465632	0.000358839656088074	0.001114054415369	0.00752505199470599	0.00105557354828649	0.000291216898345888	0.00198159038609051	0.000701206074448051	0.0126786264426381	0.000100423788386993	0.00295213007539286
"Urea -- Production"	0.000404083941704157	0.00159154864603035	0.000545474380886578	0.000705183921806583	0.000353228292515842	0.00245181095142225	0.000568289448759235	0.00173743077424259	0.00101695207397895	0.000405376573501173	0.00419096846296232	0.00565409007846931	0.00152895179433414	0.00233655016518866	0.00115706482253855	0.0126126126126126	0.0141708659811832	0.0232558139534884	0.00266280873904474	0	0.00391014750694388	0.0067864704924263	0.00644268397442016	0.00240173840112844	0.000574143449740918	0.00418389324883024	0.0062015503875969	0.00107956385620209	0.000388289197794517	0.00166197903349527	0.000500861481748608	0.00372064364765268	0.0132157705517283	0.00151391285917583
"Hemicellulose, not specified -- Macromolecule"	0.000161633576681663	0.0010610324306869	0.000727299174515437	0.00111517457401971	0.000428155506079808	0.00259134490800726	0.00034441784773287	0.00193289173634488	0.000620513129885464	0.000458715596330275	0.00818985087137219	0.00791142642158444	0.00131053010942926	0.00385802469135802	0.000753437558862309	0.00516516516516516	0.0183216335090734	0.0195838433292534	0.000209669979452342	0	0.00490790928457784	0.0052391552201531	0.00854252171423117	0.00160115893408562	0.000215303793652844	0.0031193523630332	0.00916997542068444	0.00137944270514712	0.000252387978566436	0.00127844541038098	0.000180310133429499	0.00900537952935043	0.00799373355560465	0.00178641717382747
"Arabinogalactan -- Macromolecule"	0.000377145012257213	0.00164921345204595	0.000727299174515437	0.000983977565311511	0.000299708854255866	0.00225247672772938	0.000309976062959583	0.00157454663915735	0.000387820706178415	0.000213356091316407	0.00833828100443544	0.00838439213157046	0.0014197409518817	0.00358633281168492	0.000403627263676237	0.00936936936936937	0.0126707640325071	0.00856793145654835	0.00257894074726381	0	0.00342474988539223	0.00485911287257723	0.00508256180204257	0.000762456635278869	0.000430607587305688	0.00212908177159409	0.00629608621667612	0.00101958808641309	0.000155315679117807	0.00079902838148811	0.000681171615178106	0.00734649382657535	0.00532246078451063	0.00261906924637418
"L-Cysteine (Cysteine, D-Cysteine) -- Consumption"	9.42862530643032e-05	0.000749642478202703	0.000418197025346376	0.00040999065221313	0.00024618941599589	0.00139533956585006	0.000309976062959583	0.00220436529482028	0.000672222557375919	0.000320034136974611	0.00303845213564768	0.00257981296356014	0.000698949391695608	0.00184750478177708	0.000753437558862309	0.0042042042042042	0.0112434825667764	0.0171358629130967	0.000146768985616639	0.000262054507337526	0.00364048216163741	0.00355611053803138	0.00572683019948459	0.00160115893408562	0.000186596621165798	0.00274800089124353	0.00557761391567404	0.00255496779301162	0.000252387978566436	0.00121452313986193	8.01378370797772e-05	0.00265421712444013	0.00793347928257246	0.00034819995761044
"L-Methionine (D-Methionine) -- Consumption"	9.42862530643032e-05	0.000749642478202703	0.000327284628531947	0.00040999065221313	0.00024618941599589	0.00139533956585006	0.000309976062959583	0.0021500705831252	0.000620513129885464	0.000320034136974611	0.00303845213564768	0.00257981296356014	0.000698949391695608	0.00184750478177708	0.000753437558862309	0.0042042042042042	0.0112434825667764	0.0171358629130967	0.000146768985616639	0	0.00331688374726964	0.00355611053803138	0.00567910661448888	0.00160115893408562	0.000186596621165798	0.00274800089124353	0.00548307808659482	0.00143941847493613	0.000252387978566436	0.00121452313986193	0	0.00265421712444013	0.00793347928257246	0.00034819995761044
"Xylan -- Macromolecule"	9.42862530643032e-05	0.000369054758499792	0.000272737190443289	0.000541187660921331	0.00026759719129988	0.00215280961588295	5.16626771599304e-05	0.000792702790748181	0.00014651004455629	0.00029869852784297	0.0189554011106066	0.00167687842631409	0.00087368673961951	0.00720526864893062	0	0.00396396396396396	0.00237394774402144	0.00367197062423501	0.00025160397534281	0.00908455625436758	0.00183372434808403	0.00179162821000054	0.00221914670230028	5.71842476459151e-05	0.000215303793652844	0.00136162206322878	0.00349782567593118	0.00045581585039644	0.000155315679117807	0.000894911787266684	0.000360620266858997	0.00687252648292533	6.02542730321959e-05	0.000454173857752748
"FOS (Fructooligosaccharide) -- Consumption"	6.73473236173594e-05	0.000403653642109148	0.000509109422160806	0.000705183921806583	0.00024618941599589	0.00119600534215719	5.16626771599304e-05	0.00111847106091867	0.000103418854980911	0.000245359505013868	0.00602451716550833	0.00533161345802429	0.000655265054714632	0.0024452269170579	0	0.000960960960960961	0.00736943287407882	0.00244798041615667	0.000146768985616639	0.00908455625436758	0.00288541919477928	0.00230739996742494	0.00429512264961344	1.90614158819717e-05	7.17679312176147e-05	0.000940757061867155	0.00563433541312157	0.000839660777046073	9.70722994486293e-05	0.000383533623114293	0.000180310133429499	0.00663554281110031	0.000100423788386993	0.00148363460199231
"D-Ribose (Ribose) -- Consumption"	0.000161633576681663	0.00178760898648337	0.000272737190443289	0.000163996260885252	0.00024618941599589	0.000358801602647158	8.61044619332174e-05	0.00135736779237702	6.03276654055312e-05	8.53424365265628e-05	0.00323053819020012	0.00161238310222509	0.000262106021885853	0.00209746131107633	8.07254527352474e-05	0.0018018018018018	0.0117240977542163	0.00122399020807834	0.000104834989726171	0.0026554856743536	0.00175282474449209	0.000542917639394104	0.00202825236231746	7.62456635278868e-05	0.000114828689948184	0.000717946178793355	0.0035923615050104	0.00045581585039644	0	0.000894911787266684	0.000681171615178106	0.00137450529658507	0.00136576352206311	0.000302782571835165
"Nitrite (NO2-) -- Consumption"	0.00114490450149511	0.000288324030077963	0.00132732099349067	0.00106597569575414	0.00305060798081863	0.000398668447385732	0.000688835695465739	0.00575523943967858	0.00159437401428904	0.00240025602730958	0.000113505395871896	0.000214984413630012	0.000982897582071948	0.00119544427056164	8.07254527352474e-05	0.00336336336336336	0.000582563863563543	0	0.000670943934247494	0	0.000755062966858129	0.00116727292469732	0.000119308962489262	0.000648088139987038	0.00157889448678752	0.00123783823929889	0.000151257326526754	0.00167932155409215	0.000388289197794517	0.000703144975709537	0.00426733982449814	0.0021802497807901	0.000602542730321959	0.000196808671692857
"NH3 (Ammonia, NH4+, Ammonium) -- Production"	4.04083941704157e-05	0.000403653642109148	0.000272737190443289	4.91988782655755e-05	8.56311012159616e-05	0.000598002671078597	8.61044619332174e-05	0.00152025192746227	8.61823791507588e-05	5.33390228291018e-05	0.00177243041246115	0.00053746103407503	0.00048052770679073	0.00114110589462702	0.000134542421225412	0.00036036036036036	0.000626256153330809	0.000734394124847001	0.000104834989726171	0.00590496156533892	0.00229215543510503	0.000977251750909387	0.00357926887467787	0.000285921238229576	0.000114828689948184	0.000618919119649444	0.00308186802798261	0.00207516163469958	0.000349460278015066	0.000958834057785733	0.000480827022478663	0.000663554281110032	0	0.000499591243528023
"Deoxycholic acid -- Production"	0	0.000369054758499792	0.000181824793628859	4.91988782655755e-05	0	0.000498335559232165	0	0.000629818655662938	4.30911895753794e-05	3.20034136974611e-05	0.000873118429783816	0.000214984413630012	0.000218421684904877	0.000489045383411581	0	0	0.000262153738603594	0	0	0.0093466107617051	0.00156405900277755	0.000352896465606168	0.00286341509974229	0	0	0.0002228108830738	0.00207978823974286	0.00165533124617654	0	0.000958834057785733	0.000160275674159554	0.000118491835912506	0	0.000423895600569231
"Lithocholic acid -- Production"	0	0.000369054758499792	0.000181824793628859	4.91988782655755e-05	0	0.000498335559232165	0	0.000629818655662938	4.30911895753794e-05	3.20034136974611e-05	0.000873118429783816	0.000214984413630012	0.000218421684904877	0.000489045383411581	0	0	0.000262153738603594	0	0	0.0093466107617051	0.00156405900277755	0.000352896465606168	0.00286341509974229	0	0	0.0002228108830738	0.00207978823974286	0.00165533124617654	0	0.000958834057785733	0.000160275674159554	0.000118491835912506	0	0.000423895600569231
"N-Acetyl-D-Glucosamine (N-Acetylglucosamine) -- Consumption"	6.73473236173594e-05	0.000172994418046778	0.000145459834903087	8.19981304426259e-05	5.3519438259976e-05	0.000259134490800726	0.000137767139093148	0.000705831252036052	6.03276654055312e-05	3.20034136974611e-05	0.00203436594139629	0.000386971944534021	0.000109210842452439	0.00106503216831855	0	0.0018018018018018	0.000699076636276252	0.000734394124847001	0.00025160397534281	0.00244584206848358	0.00175282474449209	0.000515771757424399	0.00209983773981101	1.90614158819717e-05	0.000186596621165798	0.000816973237937266	0.0035923615050104	0.00045581585039644	9.70722994486293e-05	0.000383533623114293	8.01378370797772e-05	0.00146929876531507	0.00014059330374179	0.000196808671692857
"D-Glucosamine (Glucosamine) -- Consumption"	0	0.000138395534437422	9.09123968144296e-05	0	3.21116629559856e-05	5.98002671078597e-05	5.16626771599304e-05	0.000488652405255728	0	0	0.00266301121084064	0.000171987530904009	0	0.00141279777430012	0	0.00036036036036036	0.000728204829454429	0	6.29009938357026e-05	0.00908455625436758	0.00134832672653237	8.14376459091156e-05	0.0015032929273647	0	0	0.0004456217661476	0.00223104556626962	0.000335864310818429	0	0.000223727946816671	2.00344592699443e-05	0.000355475507737517	0	4.54173857752748e-05
"Pectin -- Macromolecule"	0	0.000518983254140333	9.09123968144296e-05	0	0.000107038876519952	5.98002671078597e-05	5.16626771599304e-05	0.000488652405255728	0.00014651004455629	0.000138681459355665	0.0029511402926693	6.44953240890035e-05	6.55265054714632e-05	0.00184750478177708	0	0.000600600600600601	0.00329148582913402	0	0.000209669979452342	0	0.00140225979559367	0.000922959986969977	0.0015032929273647	5.71842476459151e-05	7.17679312176147e-05	0.00118832470972693	0.0022688598979013	0.000359854618734031	0.000155315679117807	0.000319611352595244	8.01378370797772e-05	0.000900537952935043	0	0.000121113028734066
"Pyridoxal (Vitamin B6, Pyridoxine, Pyridoxamine, Vitamin B6) -- Consumption"	0	3.45988836093555e-05	9.09123968144296e-05	0	5.3519438259976e-05	0	0	0.00106417634922359	6.03276654055312e-05	3.20034136974611e-05	2.61935528935145e-05	0	0.000152895179433414	5.43383759346201e-05	0.000134542421225412	0	0.000436922897672657	0	6.29009938357026e-05	0.0121243885394829	0.000674163363266187	0.000488625875454693	0.000357926887467787	0.000266859822347604	4.30607587305688e-05	0.000198054118287822	0.000623936471922859	0.00179927309367016	0.000349460278015066	0	0.000300516889049165	0.000165888570277508	0	4.54173857752748e-05
"Urea -- Consumption"	4.04083941704157e-05	0.000322922913687318	0.000145459834903087	4.91988782655755e-05	3.21116629559856e-05	0.000498335559232165	0	0.000923010098816375	6.03276654055312e-05	3.20034136974611e-05	2.61935528935145e-05	0.000386971944534021	0.000218421684904877	0.00016301512780386	0	0	0.00040779470449448	0	0	0.00952131376659679	0.000539330690612949	0.000380042347575873	0.00162260188985397	0	0	2.47567647859778e-05	0.000340328984685196	0.00153537970659853	0	0.000703144975709537	0.000160275674159554	0.000118491835912506	0	0.000423895600569231
"Isovalerate (3-Methylbutanoic acid) -- Production"	0	0.000484384370530978	9.09123968144296e-05	0	3.21116629559856e-05	5.98002671078597e-05	5.16626771599304e-05	0.000466934520577696	0	0	0.00292494673977578	0.000107492206815006	6.55265054714632e-05	0.00179316640584246	0	0.00036036036036036	0.00321866534618858	0	6.29009938357026e-05	0	0.00148315939918561	0.000217167055757642	0.00174191085234323	5.71842476459151e-05	4.30607587305688e-05	0.000643675884435422	0.00242011722442806	0.000299878848945026	0	0.000383533623114293	2.00344592699443e-05	0.000402872242102519	0.000100423788386993	4.54173857752748e-05
"Pantothenic acid (Vitamin B5, Pantothenate) -- Consumption"	0	0.000322922913687318	0.000145459834903087	4.91988782655755e-05	0	0.000498335559232165	5.16626771599304e-05	0.00184602019763275	4.30911895753794e-05	3.20034136974611e-05	2.61935528935145e-05	0.000322476620445018	0.000327632527357316	0.00016301512780386	0	0	4.36922897672657e-05	0	0	0.0056429070580014	0.000755062966858129	0.000434334111515283	0.00186121981483249	0	7.17679312176147e-05	2.47567647859778e-05	0.00071847230100208	0.0022790792519822	0	0.000703144975709537	0.000180310133429499	0.000118491835912506	0	0.000423895600569231
"D-Psicose -- Consumption"	0	5.76648060155926e-05	9.09123968144296e-05	0	0	0	0	0.000412639808882615	0	0	0.00085565606118814	0	0	0.00032603025560772	0	0	0.000582563863563543	0	0	0.00908455625436758	0.00121349405387914	0	0.00143170754987115	0	0	0.0002228108830738	0.00189071658158442	0.000299878848945026	0	0.000223727946816671	0	0	6.02542730321959e-05	0
"Chenodeoxycholic acid (Chenodeoxycholate) -- Consumption"	0	0.000369054758499792	0.000181824793628859	4.91988782655755e-05	3.21116629559856e-05	0.000498335559232165	0	0.000629818655662938	4.30911895753794e-05	3.20034136974611e-05	0.000873118429783816	0.000214984413630012	0.000371316864338292	0.000489045383411581	0.000134542421225412	0	0.000262153738603594	0	0	0.0003319357092942	0.00175282474449209	0.000352896465606168	0.00310203302472082	0.000247798406465632	0	0.0002228108830738	0.00217432406882208	0.00167932155409215	0.000291216898345888	0.000958834057785733	0.000360620266858997	0.000165888570277508	0	0.000423895600569231
"Cholic acid (Cholate) -- Consumption"	0	0.000369054758499792	0.000181824793628859	4.91988782655755e-05	3.21116629559856e-05	0.000498335559232165	0	0.000629818655662938	4.30911895753794e-05	3.20034136974611e-05	0.000873118429783816	0.000214984413630012	0.000371316864338292	0.000489045383411581	0.000134542421225412	0	0.000262153738603594	0	0	0.0003319357092942	0.00175282474449209	0.000352896465606168	0.00310203302472082	0.000247798406465632	0	0.0002228108830738	0.00217432406882208	0.00167932155409215	0.000291216898345888	0.000958834057785733	0.000360620266858997	0.000165888570277508	0	0.000423895600569231
"Thiamine (Vitamin B1, Thiamin) -- Consumption"	0	0	5.45474380886578e-05	0	3.21116629559856e-05	0	0	8.68715387121294e-05	0	0	0	0	0.000152895179433414	0	0.000134542421225412	0	0.000364102414727214	0.000734394124847001	0	0.0118798043326345	0.000404498017959712	0	0.000357926887467787	0.000266859822347604	0	0	0.000472679145396105	9.59612316624084e-05	0.000349460278015066	0	0.000220379051969387	7.10951015475034e-05	0	0
"Menaquinone (Vitamin K2) -- Production"	0	5.76648060155926e-05	9.09123968144296e-05	0	3.21116629559856e-05	5.98002671078597e-05	5.16626771599304e-05	0.000466934520577696	0	0	0.00172877449097196	6.44953240890035e-05	0.000152895179433414	0.000923752390888541	0.000134542421225412	0.00036036036036036	0.0005097433806181	0	6.29009938357026e-05	0.00251572327044025	0.00167192514090014	2.71458819697052e-05	0.00178963443733893	0.000247798406465632	0	0.000396108236575644	0.00270372471166572	0.000395840080607435	0.000291216898345888	0.000223727946816671	0.000220379051969387	0.000402872242102519	0	4.54173857752748e-05
"D-Glucuronic acid (D-Glucuronate) -- Consumption"	0	0.000138395534437422	9.09123968144296e-05	0	8.56311012159616e-05	5.98002671078597e-05	5.16626771599304e-05	0.000488652405255728	8.61823791507588e-05	3.20034136974611e-05	0.00266301121084064	0.000171987530904009	0.000218421684904877	0.00149973917579551	0.000134542421225412	0.00036036036036036	0.000626256153330809	0	0.000104834989726171	6.98812019566737e-05	0.00161799207183885	0.000162875291818231	0.00178963443733893	0.000247798406465632	0	0.000594162354863466	0.00232558139534884	0.000359854618734031	0.000349460278015066	0.000319611352595244	0.000220379051969387	0.000592459179562528	6.02542730321959e-05	4.54173857752748e-05
"D-Galacturonate -- Consumption"	0	0.000138395534437422	9.09123968144296e-05	0	8.56311012159616e-05	5.98002671078597e-05	5.16626771599304e-05	0.000488652405255728	8.61823791507588e-05	3.20034136974611e-05	0.00266301121084064	0.000171987530904009	0.000218421684904877	0.00146713615023474	0.000134542421225412	0.00036036036036036	0.000626256153330809	0	0.000104834989726171	6.98812019566737e-05	0.00161799207183885	0.000162875291818231	0.00174191085234323	0.000247798406465632	0	0.000569405590077489	0.00232558139534884	0.000359854618734031	0.000349460278015066	0.000319611352595244	0.000220379051969387	0.000592459179562528	0	4.54173857752748e-05
"Polypeptide -- Macromolecule"	0	8.07307284218296e-05	0.000181824793628859	0	8.56311012159616e-05	0	0	0.00059724182864589	0.00014651004455629	5.33390228291018e-05	0.000873118429783816	0	6.55265054714632e-05	0.000467310033037733	0	0	0.000291281931781772	0	0.000104834989726171	0.00296995108315863	0.00175282474449209	0.000570063521363809	0.00162260188985397	1.90614158819717e-05	4.30607587305688e-05	0.000519892060505533	0.00242011722442806	0.00149939424472513	9.70722994486293e-05	0.000319611352595244	0.000100172296349722	0.000284380406190014	6.02542730321959e-05	4.54173857752748e-05
"Dimethylamine -- Production"	0	5.76648060155926e-05	0.000181824793628859	0	3.21116629559856e-05	5.98002671078597e-05	5.16626771599304e-05	0.000488652405255728	4.30911895753794e-05	0	0.00172877449097196	6.44953240890035e-05	0.000152895179433414	0.000923752390888541	0.000134542421225412	0.00036036036036036	0.0005097433806181	0	6.29009938357026e-05	0.0003319357092942	0.00188765741714532	2.71458819697052e-05	0.00178963443733893	0.000247798406465632	0	0.000396108236575644	0.00242011722442806	0.00143941847493613	0.000291216898345888	0.000223727946816671	0.000300516889049165	0.000402872242102519	0	4.54173857752748e-05
"Taurocholate -- Consumption"	0	0	9.09123968144296e-05	0	3.21116629559856e-05	0.000199334223692866	0	0.0010098816375285	4.30911895753794e-05	3.20034136974611e-05	0	6.44953240890035e-05	0.000109210842452439	0	0	0.00036036036036036	0	0	6.29009938357026e-05	0.0093466107617051	0.00032359841436777	0.000244312937727347	0.000119308962489262	1.90614158819717e-05	0	0.000148540588715867	9.4535829079221e-05	0.00171530701596555	0	0	8.01378370797772e-05	7.10951015475034e-05	6.02542730321959e-05	0
"Folic acid (Folate, Vitamin B9) -- Production"	0	0	0	0	3.21116629559856e-05	0	0	3.25768270170485e-05	0	0	0	0	0.000152895179433414	0	0.000134542421225412	0	0.000116512772712709	0	0	0.0116002795248078	0.00032359841436777	0	0.000310203302472082	0.000247798406465632	0	0	0.000472679145396105	9.59612316624084e-05	0.000291216898345888	0	0.000200344592699443	7.10951015475034e-05	0	0
"Tyramine -- Production"	0	5.76648060155926e-05	9.09123968144296e-05	0	0	5.98002671078597e-05	5.16626771599304e-05	0.000466934520577696	0	0	0.00172877449097196	6.44953240890035e-05	0	0.000923752390888541	0	0.00036036036036036	0.0005097433806181	0	6.29009938357026e-05	0.00244584206848358	0.00148315939918561	2.71458819697052e-05	0.00155101651236041	0	0	0.000396108236575644	0.0026091888825865	0.000359854618734031	0	0.000223727946816671	2.00344592699443e-05	0.000355475507737517	0	4.54173857752748e-05
"Trimethylamine -- Production"	0	5.76648060155926e-05	9.09123968144296e-05	0	3.21116629559856e-05	0	0	0.000434357693560647	0	0	0.00085565606118814	6.44953240890035e-05	0.000262106021885853	0.00032603025560772	0.000134542421225412	0	0.000218461448836329	0	0	0.00340670859538784	0.00167192514090014	8.14376459091156e-05	0.0019089433998282	0.000247798406465632	4.30607587305688e-05	0.000198054118287822	0.00236339572698053	0.00045581585039644	0.000291216898345888	0.000223727946816671	0.000220379051969387	7.10951015475034e-05	0	0
"Putrescine -- Production"	0	5.76648060155926e-05	9.09123968144296e-05	0	3.21116629559856e-05	5.98002671078597e-05	5.16626771599304e-05	0.000542947116950809	0	0	0.00172877449097196	6.44953240890035e-05	0.000152895179433414	0.000923752390888541	0.000134542421225412	0.00036036036036036	0.0005097433806181	0.000734394124847001	6.29009938357026e-05	6.98812019566737e-05	0.00156405900277755	2.71458819697052e-05	0.00174191085234323	0.000247798406465632	0	0.000396108236575644	0.00232558139534884	0.000335864310818429	0.000291216898345888	0.000223727946816671	0.000220379051969387	0.000402872242102519	0	4.54173857752748e-05
"Hyaluronan (Hyaluronate, Hyaluronic acid) -- Macromolecule"	0	5.76648060155926e-05	0.000181824793628859	0	0	5.98002671078597e-05	5.16626771599304e-05	0.000488652405255728	4.30911895753794e-05	0	0.00172877449097196	6.44953240890035e-05	0	0.000923752390888541	0	0.00036036036036036	0.0005097433806181	0	6.29009938357026e-05	0.000262054507337526	0.00167192514090014	2.71458819697052e-05	0.00155101651236041	0	0	0.000396108236575644	0.00232558139534884	0.00141542816702052	0	0.000223727946816671	0.000100172296349722	0.000355475507737517	0	4.54173857752748e-05
"Cholic acid (Cholate) -- Production"	0	0	9.09123968144296e-05	0	3.21116629559856e-05	0.000199334223692866	0	0.000108589423390162	4.30911895753794e-05	3.20034136974611e-05	0	6.44953240890035e-05	0.000109210842452439	0	0	0.00036036036036036	0	0	6.29009938357026e-05	0.0093466107617051	0.00032359841436777	0.000244312937727347	0.000119308962489262	1.90614158819717e-05	0	0.000148540588715867	9.4535829079221e-05	0.0011395396259911	0	0	8.01378370797772e-05	7.10951015475034e-05	6.02542730321959e-05	0
"Folic acid (Folate, Vitamin B9) -- Consumption"	0	0	0	0	0	0	0	3.25768270170485e-05	0	0	0	0	0	0	0	0	0.000364102414727214	0	0	0.0115303983228512	0.000134832672653237	0	7.15853774935573e-05	0	0	0	0.000378143316316884	5.99757697890052e-05	0	0	0	0	0	0
"Chenodeoxycholic acid (Chenodeoxycholate) -- Production"	0	0	9.09123968144296e-05	0	0	0	0	5.42947116950809e-05	4.30911895753794e-05	0	0	0	0	0	0	0	0	0	0	0.0093466107617051	0.00032359841436777	0	7.15853774935573e-05	0	0	0	9.4535829079221e-05	0.0011155493180755	0	0	8.01378370797772e-05	0	0	0
"Glycochenodeoxycholate -- Consumption"	0	0	9.09123968144296e-05	0	0	0	0	5.42947116950809e-05	4.30911895753794e-05	0	0	0	0	0	0	0	0	0	0	0.0093466107617051	0.00032359841436777	0	7.15853774935573e-05	0	0	0	9.4535829079221e-05	0.0011155493180755	0	0	8.01378370797772e-05	0	0	0
"Glycocholate -- Consumption"	0	0	9.09123968144296e-05	0	0	0	0	5.42947116950809e-05	4.30911895753794e-05	0	0	0	0	0	0	0	0	0	0	0.0093466107617051	0.00032359841436777	0	7.15853774935573e-05	0	0	0	9.4535829079221e-05	0.0011155493180755	0	0	8.01378370797772e-05	0	0	0
"Glycodeoxycholate -- Consumption"	0	0	9.09123968144296e-05	0	0	0	0	5.42947116950809e-05	4.30911895753794e-05	0	0	0	0	0	0	0	0	0	0	0.0093466107617051	0.00032359841436777	0	7.15853774935573e-05	0	0	0	9.4535829079221e-05	0.0011155493180755	0	0	8.01378370797772e-05	0	0	0
"Glycolithocholate -- Consumption"	0	0	9.09123968144296e-05	0	0	0	0	5.42947116950809e-05	4.30911895753794e-05	0	0	0	0	0	0	0	0	0	0	0.0093466107617051	0.00032359841436777	0	7.15853774935573e-05	0	0	0	9.4535829079221e-05	0.0011155493180755	0	0	8.01378370797772e-05	0	0	0
"Taurochenodeoxycholate -- Consumption"	0	0	9.09123968144296e-05	0	0	0	0	5.42947116950809e-05	4.30911895753794e-05	0	0	0	0	0	0	0	0	0	0	0.0093466107617051	0.00032359841436777	0	7.15853774935573e-05	0	0	0	9.4535829079221e-05	0.0011155493180755	0	0	8.01378370797772e-05	0	0	0
"Taurodeoxycholate -- Consumption"	0	0	9.09123968144296e-05	0	0	0	0	5.42947116950809e-05	4.30911895753794e-05	0	0	0	0	0	0	0	0	0	0	0.0093466107617051	0.00032359841436777	0	7.15853774935573e-05	0	0	0	9.4535829079221e-05	0.0011155493180755	0	0	8.01378370797772e-05	0	0	0
"Taurolithocholate -- Consumption"	0	0	9.09123968144296e-05	0	0	0	0	5.42947116950809e-05	4.30911895753794e-05	0	0	0	0	0	0	0	0	0	0	0.0093466107617051	0.00032359841436777	0	7.15853774935573e-05	0	0	0	9.4535829079221e-05	0.0011155493180755	0	0	8.01378370797772e-05	0	0	0
"L-Fucose -- Consumption"	0	5.76648060155926e-05	9.09123968144296e-05	0	0	5.98002671078597e-05	5.16626771599304e-05	0.000434357693560647	0	3.20034136974611e-05	0.00172877449097196	6.44953240890035e-05	0	0.000923752390888541	0	0.00036036036036036	0.0005097433806181	0	6.29009938357026e-05	0	0.00134832672653237	2.71458819697052e-05	0.0015032929273647	0	0	0.000396108236575644	0.00223104556626962	0.000299878848945026	0	0.000223727946816671	2.00344592699443e-05	0.000355475507737517	6.02542730321959e-05	4.54173857752748e-05
"L-Leucine (Leucine) -- Consumption"	0	5.76648060155926e-05	0.000181824793628859	0	0	0	0	0.00135736779237702	4.30911895753794e-05	0	0.00085565606118814	0	0	0.00032603025560772	0	0	0.000218461448836329	0	0	0.000262054507337526	0.00156405900277755	0	0.0015032929273647	0	0	0.000198054118287822	0.00198525241066364	0.00197920040303717	0	0.000223727946816671	8.01378370797772e-05	0	0	0
"L-Phenylalanine (Phenylalanine, D-Phenylalanine) -- Consumption"	0	5.76648060155926e-05	0.000181824793628859	0	0	0	0	0.00135736779237702	4.30911895753794e-05	0	0.00085565606118814	0	0	0.00032603025560772	0	0	0.000218461448836329	0	0	0.000262054507337526	0.00156405900277755	0	0.0015032929273647	0	0	0.000198054118287822	0.00198525241066364	0.00197920040303717	0	0.000223727946816671	8.01378370797772e-05	0	0	0
"L-Tyrosine (Tyrosine) -- Consumption"	0	5.76648060155926e-05	0.000181824793628859	0	0	0	0	0.00135736779237702	4.30911895753794e-05	0	0.00085565606118814	0	0	0.00032603025560772	0	0	0.000218461448836329	0	0	0.000262054507337526	0.00156405900277755	0	0.0015032929273647	0	0	0.000198054118287822	0.00198525241066364	0.00197920040303717	0	0.000223727946816671	8.01378370797772e-05	0	0	0
"L-Valine (Valine, D-Valine) -- Consumption"	0	5.76648060155926e-05	0.000181824793628859	0	0	0	0	0.00135736779237702	4.30911895753794e-05	0	0.00085565606118814	0	0	0.00032603025560772	0	0	0.000218461448836329	0	0	0.000262054507337526	0.00156405900277755	0	0.0015032929273647	0	0	0.000198054118287822	0.00198525241066364	0.00197920040303717	0	0.000223727946816671	8.01378370797772e-05	0	0	0
"Butylamine -- Production"	0	5.76648060155926e-05	9.09123968144296e-05	0	0	5.98002671078597e-05	5.16626771599304e-05	0.000434357693560647	0	0	0.00172877449097196	6.44953240890035e-05	0	0.000923752390888541	0	0.00036036036036036	0.0005097433806181	0	6.29009938357026e-05	0	0.00134832672653237	2.71458819697052e-05	0.0015032929273647	0	0	0.000396108236575644	0.00223104556626962	0.000299878848945026	0	0.000223727946816671	2.00344592699443e-05	0.000355475507737517	0	4.54173857752748e-05
"Chondroitin 4-sulfate (Chondroitin 6-sulfate) -- Macromolecule"	0	5.76648060155926e-05	9.09123968144296e-05	0	0	5.98002671078597e-05	5.16626771599304e-05	0.000434357693560647	0	0	0.00172877449097196	6.44953240890035e-05	0	0.000923752390888541	0	0.00036036036036036	0.0005097433806181	0	6.29009938357026e-05	0	0.00134832672653237	2.71458819697052e-05	0.0015032929273647	0	0	0.000396108236575644	0.00223104556626962	0.000299878848945026	0	0.000223727946816671	2.00344592699443e-05	0.000355475507737517	0	4.54173857752748e-05
"Galactan -- Macromolecule"	0	5.76648060155926e-05	9.09123968144296e-05	0	0	5.98002671078597e-05	5.16626771599304e-05	0.000434357693560647	0	0	0.00172877449097196	6.44953240890035e-05	0	0.000923752390888541	0	0.00036036036036036	0.0005097433806181	0	6.29009938357026e-05	0	0.00134832672653237	2.71458819697052e-05	0.0015032929273647	0	0	0.000396108236575644	0.00223104556626962	0.000299878848945026	0	0.000223727946816671	2.00344592699443e-05	0.000355475507737517	0	4.54173857752748e-05
"N-Acetylgalactosamine (N-Acetyl-D-galactosamine) -- Consumption"	0	5.76648060155926e-05	9.09123968144296e-05	0	0	5.98002671078597e-05	5.16626771599304e-05	0.000434357693560647	0	0	0.00172877449097196	6.44953240890035e-05	0	0.000923752390888541	0	0.00036036036036036	0.0005097433806181	0	6.29009938357026e-05	0	0.00134832672653237	2.71458819697052e-05	0.0015032929273647	0	0	0.000396108236575644	0.00223104556626962	0.000299878848945026	0	0.000223727946816671	2.00344592699443e-05	0.000355475507737517	0	4.54173857752748e-05
"Phenylethylamine -- Production"	0	5.76648060155926e-05	9.09123968144296e-05	0	0	5.98002671078597e-05	5.16626771599304e-05	0.000434357693560647	0	0	0.00172877449097196	6.44953240890035e-05	0	0.000923752390888541	0	0.00036036036036036	0.0005097433806181	0	6.29009938357026e-05	0	0.00134832672653237	2.71458819697052e-05	0.0015032929273647	0	0	0.000396108236575644	0.00223104556626962	0.000299878848945026	0	0.000223727946816671	2.00344592699443e-05	0.000355475507737517	0	4.54173857752748e-05
"L-Serine (Serine, D-Serine) -- Consumption"	0	0.000322922913687318	0	4.91988782655755e-05	0	0.000498335559232165	0	0.00108589423390162	0	3.20034136974611e-05	2.61935528935145e-05	0.000214984413630012	0.000218421684904877	0.00016301512780386	0	0	4.36922897672657e-05	0	0	0.00244584206848358	0.000134832672653237	0.000352896465606168	0.00143170754987115	0	0	2.47567647859778e-05	0.000472679145396105	0.000875646238919477	0	0.000703144975709537	8.01378370797772e-05	0.000118491835912506	0	0.000423895600569231
"L-Arginine (Arginine) -- Consumption"	0	0	9.09123968144296e-05	0	0	0	0	0.000977304810511456	6.03276654055312e-05	0	0	0	0	0	0	0.000960960960960961	4.36922897672657e-05	0.00122399020807834	0	0.00288259958071279	0.000593263759674244	2.71458819697052e-05	0.000119308962489262	0	0	0	0.000472679145396105	0.00173929732388115	0	0	8.01378370797772e-05	0	0	0
"D-Galactosamine (Galactosamine) -- Consumption"	0	0	0	0	0	0	0	0	0	0	0	0	0	0	0	0	0.000116512772712709	0	0	0.00908455625436758	0	0	0	0	0	0	0	0	0	0	0	0	0	0
"Pyruvate -- Consumption"	0	0.000438252525718503	0	0	3.21116629559856e-05	0	0	8.68715387121294e-05	0	0	0.00117870988020815	6.44953240890035e-05	0	0.000847678664580073	0	0	0.0025487169030905	0	0	0.0027078965758211	0.000134832672653237	8.14376459091156e-05	7.15853774935573e-05	0	4.30607587305688e-05	0.0002228108830738	0.000378143316316884	5.99757697890052e-05	0	9.58834057785732e-05	2.00344592699443e-05	0	6.02542730321959e-05	0
"Methanol -- Production"	0	5.76648060155926e-05	9.09123968144296e-05	0	3.21116629559856e-05	0	0	0.000412639808882615	0	0	0.00085565606118814	0	0.000152895179433414	0.00032603025560772	0.000134542421225412	0	0.000218461448836329	0	0	6.98812019566737e-05	0.00140225979559367	0	0.00167032547484967	0.000247798406465632	0	0.000198054118287822	0.00198525241066364	0.000335864310818429	0.000291216898345888	0.000223727946816671	0.000200344592699443	7.10951015475034e-05	0	0
"N-Acetylneuraminic acid (N-acetylneuraminate, Neu5Ac, Sialic acid) -- Consumption"	0	5.76648060155926e-05	9.09123968144296e-05	0	0	0	0	0.00130307308068194	0	0	0.00085565606118814	0	0	0.00032603025560772	0	0	0.000218461448836329	0	0	0	0.00121349405387914	0	0.00143170754987115	0	0	0.000198054118287822	0.00189071658158442	0.000875646238919477	0	0.000223727946816671	0	0	0	0
"Isobutyrate (2-Methylpropanoic acid) -- Production"	0	5.76648060155926e-05	9.09123968144296e-05	0	3.21116629559856e-05	0	0	0.000434357693560647	0	0	0.000873118429783816	6.44953240890035e-05	6.55265054714632e-05	0.00038036863154234	0	0	0.000262153738603594	0	0	0	0.00121349405387914	0.000108583527878821	0.00167032547484967	0	4.30607587305688e-05	0.0002228108830738	0.00207978823974286	0.000299878848945026	0	0.000383533623114293	0	0	0.000100423788386993	0
"Acetone -- Production"	0	0.000322922913687318	9.09123968144296e-05	4.91988782655755e-05	0	0.000498335559232165	0	0.000380062981865566	4.30911895753794e-05	3.20034136974611e-05	2.61935528935145e-05	0.000214984413630012	0.000218421684904877	0.00016301512780386	0	0	4.36922897672657e-05	0	0	0.000262054507337526	0.000404498017959712	0.000352896465606168	0.00162260188985397	0	0	2.47567647859778e-05	0.000340328984685196	0.00149939424472513	0	0.000703144975709537	0.000160275674159554	0.000118491835912506	0	0.000423895600569231
"Pyruvate -- Production"	0	5.76648060155926e-05	0.000145459834903087	0	0	5.98002671078597e-05	0	0.000412639808882615	0	0	0.00085565606118814	0	0	0.00032603025560772	0	0	0.000218461448836329	0	0	0.000192173305380853	0.00121349405387914	2.71458819697052e-05	0.00143170754987115	1.90614158819717e-05	0	0.000198054118287822	0.00189071658158442	0.000299878848945026	0	0.000223727946816671	8.01378370797772e-05	0	0	0
"L-Lactate ([S]-Lactate, Lactate, D-Lactate, [R]-Lactate) -- Consumption"	6.73473236173594e-05	3.45988836093555e-05	0.000181824793628859	0	5.3519438259976e-05	5.98002671078597e-05	0.000137767139093148	8.68715387121294e-05	8.61823791507588e-05	0	6.98494743827053e-05	0	0	0.000195618153364632	0.000134542421225412	0.000600600600600601	0	0	0.00025160397534281	0.000489168413696716	0.000188765741714532	0.000162875291818231	0.000238617924978524	0.000343105485875491	0.000287071724870459	0.00151016265194464	5.67214974475326e-05	0	0.000155315679117807	0.00121452313986193	0.000160275674159554	0.000402872242102519	0.000200847576773986	0
"XOS (Xylooligosaccharide) -- Consumption"	0	5.76648060155926e-05	9.09123968144296e-05	0	0	0	0	0.000412639808882615	0	3.20034136974611e-05	0.00085565606118814	0	0	0.00032603025560772	0	0	0.000218461448836329	0	0	0	0.00121349405387914	0	0.00143170754987115	0	0	0.000198054118287822	0.00189071658158442	0.000299878848945026	0	0.000223727946816671	0	0	6.02542730321959e-05	0
"1,2-Ethanediol (Ethylene glycol) -- Production"	0	5.76648060155926e-05	9.09123968144296e-05	0	0	0	0	0.000412639808882615	0	0	0.00085565606118814	0	0	0.00032603025560772	0	0	0.000218461448836329	0	0	0	0.00121349405387914	0	0.00143170754987115	0	0	0.000198054118287822	0.00189071658158442	0.000299878848945026	0	0.000223727946816671	0	0	0	0
"1,2-propanediol (Propene diol, Propylene glycol, [R]-1,2-propanediol, [R]-propane-1,2-diol, [S]-1,2-propanediol, [S]-propane-1,2-diol) -- Production"	0	5.76648060155926e-05	9.09123968144296e-05	0	0	0	0	0.000412639808882615	0	0	0.00085565606118814	0	0	0.00032603025560772	0	0	0.000218461448836329	0	0	0	0.00121349405387914	0	0.00143170754987115	0	0	0.000198054118287822	0.00189071658158442	0.000299878848945026	0	0.000223727946816671	0	0	0	0
"Arabinan -- Macromolecule"	0	5.76648060155926e-05	9.09123968144296e-05	0	0	0	0	0.000412639808882615	0	0	0.00085565606118814	0	0	0.00032603025560772	0	0	0.000218461448836329	0	0	0	0.00121349405387914	0	0.00143170754987115	0	0	0.000198054118287822	0.00189071658158442	0.000299878848945026	0	0.000223727946816671	0	0	0	0
"D-Lyxose (L-Lyxose) -- Consumption"	0	5.76648060155926e-05	9.09123968144296e-05	0	0	0	0	0.000412639808882615	0	0	0.00085565606118814	0	0	0.00032603025560772	0	0	0.000218461448836329	0	0	0	0.00121349405387914	0	0.00143170754987115	0	0	0.000198054118287822	0.00189071658158442	0.000299878848945026	0	0.000223727946816671	0	0	0	0
"Phenylacetate -- Production"	0	5.76648060155926e-05	9.09123968144296e-05	0	0	0	0	0.000412639808882615	0	0	0.00085565606118814	0	0	0.00032603025560772	0	0	0.000218461448836329	0	0	0	0.00121349405387914	0	0.00143170754987115	0	0	0.000198054118287822	0.00189071658158442	0.000299878848945026	0	0.000223727946816671	0	0	0	0
"Spermidine -- Production"	0	5.76648060155926e-05	9.09123968144296e-05	0	0	0	0	0.000412639808882615	0	0	0.00085565606118814	0	0	0.00032603025560772	0	0	0.000218461448836329	0	0	0	0.00121349405387914	0	0.00143170754987115	0	0	0.000198054118287822	0.00189071658158442	0.000299878848945026	0	0.000223727946816671	0	0	0	0
"Valerate (Pentanoic acid, Pentanoate) -- Production"	0	5.76648060155926e-05	9.09123968144296e-05	0	0	0	0	0.000412639808882615	0	0	0.00085565606118814	0	0	0.00032603025560772	0	0	0.000218461448836329	0	0	0	0.00121349405387914	0	0.00143170754987115	0	0	0.000198054118287822	0.00189071658158442	0.000299878848945026	0	0.000223727946816671	0	0	0	0
"Biotin (Vitamin B7) -- Consumption"	0	0	9.09123968144296e-05	0	0	0	0	0.000977304810511456	4.30911895753794e-05	0	0	0	0	0	0	0	0	0	0	0.0027078965758211	0.000458431087021007	0	0.000119308962489262	0	0	0	0.000472679145396105	0.00173929732388115	0	0	8.01378370797772e-05	0	0	0
"L-Aspartate (Aspartate, D-Aspartate) -- Consumption"	0	0	9.09123968144296e-05	0	0	0	0	0.000955586925833424	6.03276654055312e-05	0	0	0	0	0	0	0.000960960960960961	4.36922897672657e-05	0.00122399020807834	0	0.000262054507337526	0.00032359841436777	0	7.15853774935573e-05	0	0	0	9.4535829079221e-05	0.00167932155409215	0	0	8.01378370797772e-05	0	0	0
"Hippurate -- Consumption"	0	0	5.45474380886578e-05	0	0	0	5.16626771599304e-05	0.000575523943967858	0	0	0	6.44953240890035e-05	0	0	0	0	0	0	0	0.00389587700908456	0.000134832672653237	0	7.15853774935573e-05	0	4.30607587305688e-05	0	0.000378143316316884	0.00011995153957801	0	0	0	0	0	0
"Stachyose -- Consumption"	4.04083941704157e-05	3.45988836093555e-05	5.45474380886578e-05	4.91988782655755e-05	3.21116629559856e-05	9.96671118464329e-05	8.61044619332174e-05	0.000901292214138343	6.03276654055312e-05	3.20034136974611e-05	2.61935528935145e-05	0.000171987530904009	0	0.00010867675186924	0	0.000960960960960961	4.36922897672657e-05	0	0.000209669979452342	0	8.08996035919424e-05	0.000298604701666757	0.00019089433998282	1.90614158819717e-05	0.000143535862435229	0.000371351471789666	5.67214974475326e-05	0.000599757697890052	9.70722994486293e-05	9.58834057785732e-05	0	0.000236983671825011	0.00014059330374179	0.000121113028734066
"Cellulose (Beta-D-glucan) -- Macromolecule"	4.04083941704157e-05	5.76648060155926e-05	5.45474380886578e-05	4.91988782655755e-05	8.56311012159616e-05	9.96671118464329e-05	8.61044619332174e-05	3.25768270170485e-05	8.61823791507588e-05	5.33390228291018e-05	4.36559214891908e-05	0.000171987530904009	0	0.00021735350373848	0	0.000960960960960961	0.000116512772712709	0	0.00025160397534281	0	8.08996035919424e-05	0.000787230577121451	0.00019089433998282	5.71842476459151e-05	0.000186596621165798	0.000569405590077489	9.4535829079221e-05	5.99757697890052e-05	0.000155315679117807	9.58834057785732e-05	0	0.000355475507737517	0.00014059330374179	0.000151391285917583
"L-Ornithine (Ornithine) -- Production"	0	0	9.09123968144296e-05	0	0	0	0	8.68715387121294e-05	4.30911895753794e-05	0	0	0	0	0	0	0	0	0	0	0.0027078965758211	0.000458431087021007	0	0.000119308962489262	0	0	0	0.000472679145396105	0.0011755250878645	0	0	8.01378370797772e-05	0	0	0
"L-Malate ([S]-Malate, L-Malic acid, Malate, D-Malate, [R]-Malate) -- Consumption"	0	0	0	0	3.21116629559856e-05	0	0	8.68715387121294e-05	0	0	0	0	0.000152895179433414	0	0.000134542421225412	0	0	0	0	0.00277777777777778	0.00032359841436777	0	0.000310203302472082	0.000247798406465632	0	0	0.000472679145396105	9.59612316624084e-05	0.000291216898345888	0	0.000220379051969387	7.10951015475034e-05	0	0
"Fumarate -- Production"	0	0.000438252525718503	0	0	0	0	0	0	0	0	0.00117870988020815	0	0	0.000793340288645453	0	0	0.0025487169030905	0	0	0	0	0	0	0	0	0.000198054118287822	0	0	0	0	0	0	0	0
"N-Acetyl-D-Glucosamine (N-Acetylglucosamine) -- Production"	0	0.000438252525718503	0	0	0	0	0	0	0	0	0.00117870988020815	0	0	0.000793340288645453	0	0	0.0025487169030905	0	0	0	0	0	0	0	0	0.000198054118287822	0	0	0	0	0	0	0	0
"Fumarate -- Consumption"	0	0	0	0	3.21116629559856e-05	0	0	3.25768270170485e-05	0	0	2.61935528935145e-05	0	0.000152895179433414	5.43383759346201e-05	0.000134542421225412	0	0	0	0	0.00253319357092942	0.00032359841436777	0	0.000310203302472082	0.000247798406465632	0	0	0.000472679145396105	9.59612316624084e-05	0.000291216898345888	9.58834057785732e-05	0.000200344592699443	7.10951015475034e-05	0	0
"Formaldehyde -- Production"	0	0	0	0	3.21116629559856e-05	0	0	3.25768270170485e-05	0	0	0	0	0.000152895179433414	0	0.000134542421225412	0	0	0	0	0.00251572327044025	0.00032359841436777	0	0.000310203302472082	0.000247798406465632	0	0	0.000472679145396105	9.59612316624084e-05	0.000291216898345888	0	0.000200344592699443	7.10951015475034e-05	0	0
"H2O2 -- Production"	0	0	5.45474380886578e-05	0	0	0	5.16626771599304e-05	0.000542947116950809	0	0	0	0.000107492206815006	0.000109210842452439	0	0	0	0	0	0	0.00293501048218029	0.000188765741714532	0.000108583527878821	0.00019089433998282	0	7.17679312176147e-05	0	0	0.000155937001451414	0	0	2.00344592699443e-05	0	0	0
"Formate -- Consumption"	4.04083941704157e-05	3.45988836093555e-05	5.45474380886578e-05	4.91988782655755e-05	5.3519438259976e-05	9.96671118464329e-05	8.61044619332174e-05	0	6.03276654055312e-05	3.20034136974611e-05	4.36559214891908e-05	0.000214984413630012	0	0.00021735350373848	0	0.000960960960960961	4.36922897672657e-05	0	0.000209669979452342	1.74703004891684e-05	8.08996035919424e-05	0.000380042347575873	0.00019089433998282	1.90614158819717e-05	0.000186596621165798	0.000396108236575644	5.67214974475326e-05	3.59854618734031e-05	9.70722994486293e-05	0.000223727946816671	0	0.000236983671825011	0.000200847576773986	0.000121113028734066
"Acetate -- Consumption"	0	3.45988836093555e-05	0	0	0.000107038876519952	0	0	5.42947116950809e-05	0.00014651004455629	0.000192020482184766	4.36559214891908e-05	0	6.55265054714632e-05	0.000141279777430012	0	0.00036036036036036	0.000116512772712709	0	0.000146768985616639	0	8.08996035919424e-05	0.000950105868939682	0	5.71842476459151e-05	7.17679312176147e-05	0.000643675884435422	5.67214974475326e-05	5.99757697890052e-05	0.000155315679117807	9.58834057785732e-05	6.01033778098329e-05	0.000521364078015025	6.02542730321959e-05	7.56956429587913e-05
"Isobutyrate (2-Methylpropanoic acid) -- Consumption"	0	3.45988836093555e-05	0	0	0.000107038876519952	0	0	5.42947116950809e-05	0.00014651004455629	0.000138681459355665	4.36559214891908e-05	0	6.55265054714632e-05	0.000141279777430012	0	0.00036036036036036	0.000116512772712709	0	0.000146768985616639	0	8.08996035919424e-05	0.000895814105000271	0	5.71842476459151e-05	7.17679312176147e-05	0.000594162354863466	5.67214974475326e-05	5.99757697890052e-05	0.000155315679117807	9.58834057785732e-05	6.01033778098329e-05	0.000521364078015025	0	7.56956429587913e-05
"Isovalerate (3-Methylbutanoic acid) -- Consumption"	0	3.45988836093555e-05	0	0	0.000107038876519952	0	0	5.42947116950809e-05	0.00014651004455629	0.000138681459355665	4.36559214891908e-05	0	6.55265054714632e-05	0.000141279777430012	0	0.00036036036036036	0.000116512772712709	0	0.000146768985616639	0	8.08996035919424e-05	0.000895814105000271	0	5.71842476459151e-05	7.17679312176147e-05	0.000594162354863466	5.67214974475326e-05	5.99757697890052e-05	0.000155315679117807	9.58834057785732e-05	6.01033778098329e-05	0.000521364078015025	0	7.56956429587913e-05
"Propanoate (Propionate) -- Consumption"	0	3.45988836093555e-05	0	0	0.000107038876519952	0	0	5.42947116950809e-05	0.00014651004455629	0.000138681459355665	4.36559214891908e-05	0	6.55265054714632e-05	0.000141279777430012	0	0.00036036036036036	0.000116512772712709	0	0.000146768985616639	0	8.08996035919424e-05	0.000895814105000271	0	5.71842476459151e-05	7.17679312176147e-05	0.000594162354863466	5.67214974475326e-05	5.99757697890052e-05	0.000155315679117807	9.58834057785732e-05	6.01033778098329e-05	0.000521364078015025	0	7.56956429587913e-05
"Valerate (Pentanoic acid, Pentanoate) -- Consumption"	0	3.45988836093555e-05	0	0	0.000107038876519952	0	0	5.42947116950809e-05	0.00014651004455629	0.000138681459355665	4.36559214891908e-05	0	6.55265054714632e-05	0.000141279777430012	0	0.00036036036036036	0.000116512772712709	0	0.000146768985616639	0	8.08996035919424e-05	0.000895814105000271	0	5.71842476459151e-05	7.17679312176147e-05	0.000594162354863466	5.67214974475326e-05	5.99757697890052e-05	0.000155315679117807	9.58834057785732e-05	6.01033778098329e-05	0.000521364078015025	0	7.56956429587913e-05
"Acetoin (3-hydroxybutanone, acetyl methyl carbinol, [R]-Acetoin) -- Production"	0	0	5.45474380886578e-05	0	0	0	0	0.000575523943967858	0	0	0	0	0	0	0	0	0	0	0	0.00262054507337526	0.000134832672653237	0	7.15853774935573e-05	0	0	0	0.000378143316316884	9.59612316624084e-05	0	0	0	0	0	0
"L-Glutamate (L-Glutamic acid, Glutamate, D-Glutamate) -- Consumption"	0	0	9.09123968144296e-05	0	3.21116629559856e-05	0	0	5.42947116950809e-05	4.30911895753794e-05	0	0	0	0.000152895179433414	0	0.000134542421225412	0	0	0	0	0.0003319357092942	0.000539330690612949	0	0.000310203302472082	0.000247798406465632	0	0	0.000189071658158442	0.0011395396259911	0.000291216898345888	0	0.00028048242977922	7.10951015475034e-05	0	0
"D-Tagatose -- Consumption"	0	0	5.45474380886578e-05	0	0	0	0	0.000575523943967858	0	0	0	0	0	0	0	0	0	0	0	0.00244584206848358	0.000134832672653237	0	7.15853774935573e-05	0	0	0	0.000378143316316884	9.59612316624084e-05	0	0	0	0	0	0
"L-Threonine (Threonine) -- Consumption"	0	0	9.09123968144296e-05	0	3.21116629559856e-05	0	0	0.000977304810511456	4.30911895753794e-05	0	0	0	0	0	0	0	0	0	0	0.000262054507337526	0.00032359841436777	0	7.15853774935573e-05	0	0	0	9.4535829079221e-05	0.00167932155409215	0	0	8.01378370797772e-05	0	0	0
"L-Histidine (Histidine) -- Consumption"	0	0	9.09123968144296e-05	0	0	0	0	0.000955586925833424	4.30911895753794e-05	0	0	0	0	0	0	0	0	0	0	0.000262054507337526	0.00032359841436777	0	7.15853774935573e-05	0	0	0	9.4535829079221e-05	0.00167932155409215	0	0	8.01378370797772e-05	0	0	0
"L-Tryptophan (Tryptophan) -- Consumption"	0	0	9.09123968144296e-05	0	0	0	0	0.000955586925833424	4.30911895753794e-05	0	0	0	0	0	0	0	0	0	0	0.000262054507337526	0.00032359841436777	0	7.15853774935573e-05	0	0	0	9.4535829079221e-05	0.00167932155409215	0	0	8.01378370797772e-05	0	0	0
"Methylamine (Monomethylamine) -- Production"	0	0	9.09123968144296e-05	0	0	0	0	0.000955586925833424	4.30911895753794e-05	0	0	0	0	0	0	0	0	0	0	0.000262054507337526	0.00032359841436777	0	7.15853774935573e-05	0	0	0	9.4535829079221e-05	0.00167932155409215	0	0	8.01378370797772e-05	0	0	0
"4-Aminobutyrate (GABA) -- Production"	0	0	0	0	3.21116629559856e-05	0	0	0.000901292214138343	0	0	0	0	0.000152895179433414	0	0.000134542421225412	0	0	0	0	6.98812019566737e-05	0.000188765741714532	0	0.000238617924978524	0.000247798406465632	0	0	9.4535829079221e-05	0.000599757697890052	0.000291216898345888	0	0.000200344592699443	7.10951015475034e-05	0	0
"Citrate -- Consumption"	0	0	0	0	0	0	0	3.25768270170485e-05	0	0	0	0	0	0	0	0	0	0	0	0.00244584206848358	0.000134832672653237	0	7.15853774935573e-05	0	0	0	0.000378143316316884	5.99757697890052e-05	0	0	0	0	0	0
"Lipoic acid (Lipoate) -- Consumption"	0	0	0	0	0	0	0	3.25768270170485e-05	0	0	0	0	0	0	0	0	0	0	0	0.00244584206848358	0.000134832672653237	0	7.15853774935573e-05	0	0	0	0.000378143316316884	5.99757697890052e-05	0	0	0	0	0	0
"Riboflavin (Vitamin B2) -- Consumption"	0	0	0	0	0	0	0	3.25768270170485e-05	0	0	0	0	0	0	0	0	0	0	0	0.00244584206848358	0.000134832672653237	0	7.15853774935573e-05	0	0	0	0.000378143316316884	5.99757697890052e-05	0	0	0	0	0	0
"Triglyceride -- Macromolecule"	0	0	0	0	0	0	0	3.25768270170485e-05	0	0	0	0	0	0	0	0	0	0	0	0.00244584206848358	0.000134832672653237	0	7.15853774935573e-05	0	0	0	0.000378143316316884	5.99757697890052e-05	0	0	0	0	0	0
"Adenosylcobalamin (Vitamin B12, Cobamide coenzyme, Cob[II]alamin, Vitamin B12r, Cob[I]alamin, Vitamin B12s, Aquacobalamin, Cobalamin [III]) -- Production"	0	0	5.45474380886578e-05	0	3.21116629559856e-05	0	0	0	0	0	0	0	0.000152895179433414	0	0.000134542421225412	0	0	0.000734394124847001	0	8.73515024458421e-05	0.000269665345306475	0	0.000310203302472082	0.000266859822347604	0	0	9.4535829079221e-05	3.59854618734031e-05	0.000349460278015066	0	0.000200344592699443	7.10951015475034e-05	0	0
"Cadaverine -- Production"	0	0	0	0	3.21116629559856e-05	0	0	0.000108589423390162	0	0	0	0	0.000152895179433414	0	0.000134542421225412	0	0	0.000734394124847001	0	6.98812019566737e-05	0.000188765741714532	0	0.000238617924978524	0.000247798406465632	0	0	9.4535829079221e-05	3.59854618734031e-05	0.000291216898345888	0	0.000200344592699443	7.10951015475034e-05	0	0
"Linoleic acid (Omega-6 fatty acid) -- Consumption"	0	3.45988836093555e-05	0	0	5.3519438259976e-05	0	0	3.25768270170485e-05	0.000103418854980911	8.53424365265628e-05	2.61935528935145e-05	0	6.55265054714632e-05	0.00010867675186924	0	0	7.28204829454429e-05	0	0.000104834989726171	0	8.08996035919424e-05	0.000570063521363809	0	1.90614158819717e-05	4.30607587305688e-05	0.000321837942217711	5.67214974475326e-05	3.59854618734031e-05	9.70722994486293e-05	9.58834057785732e-05	0	0.000284380406190014	6.02542730321959e-05	4.54173857752748e-05
"D-Gluconate (D-Gluconic acid, Gluconate) -- Consumption"	0	0	5.45474380886578e-05	0	3.21116629559856e-05	5.98002671078597e-05	0	0	0	0	0	0	0.000152895179433414	0	0.000134542421225412	0	0	0	0	0.000262054507337526	0.000188765741714532	2.71458819697052e-05	0.000238617924978524	0.000266859822347604	0	0	9.4535829079221e-05	3.59854618734031e-05	0.000291216898345888	0	0.00028048242977922	7.10951015475034e-05	0	0
"Adenine -- Consumption"	0	0	9.09123968144296e-05	0	0	0	0	5.42947116950809e-05	4.30911895753794e-05	0	0	0	0	0	0	0	0	0	0	0.000262054507337526	0.00032359841436777	0	7.15853774935573e-05	0	0	0	9.4535829079221e-05	0.0011155493180755	0	0	8.01378370797772e-05	0	0	0
"Histamine -- Production"	0	0	9.09123968144296e-05	0	0	0	0	5.42947116950809e-05	4.30911895753794e-05	0	0	0	0	0	0	0	0	0	0	0.000262054507337526	0.00032359841436777	0	7.15853774935573e-05	0	0	0	9.4535829079221e-05	0.0011155493180755	0	0	8.01378370797772e-05	0	0	0
"L-Arabitol (L-Arabinitol, D-Arabitol) -- Consumption"	0	0	5.45474380886578e-05	0	0	0	5.16626771599304e-05	0.000542947116950809	0	0	0	6.44953240890035e-05	0	0	0	0	0	0	0	0.00127533193570929	0	0	0	0	4.30607587305688e-05	0	0	5.99757697890052e-05	0	0	0	0	0	0
"7-Oxodeoxycholic acid -- Production"	0	0	0	0	3.21116629559856e-05	0	0	0	0	0	0	0	0.000152895179433414	0	0.000134542421225412	0	0	0	0	6.98812019566737e-05	0.000188765741714532	0	0.000238617924978524	0.000247798406465632	0	0	9.4535829079221e-05	3.59854618734031e-05	0.000291216898345888	0	0.000200344592699443	7.10951015475034e-05	0	0
"7-Oxolithocholic acid -- Production"	0	0	0	0	3.21116629559856e-05	0	0	0	0	0	0	0	0.000152895179433414	0	0.000134542421225412	0	0	0	0	6.98812019566737e-05	0.000188765741714532	0	0.000238617924978524	0.000247798406465632	0	0	9.4535829079221e-05	3.59854618734031e-05	0.000291216898345888	0	0.000200344592699443	7.10951015475034e-05	0	0
"Biotin (Vitamin B7) -- Production"	0	0	0	0	3.21116629559856e-05	0	0	0	0	0	0	0	0.000152895179433414	0	0.000134542421225412	0	0	0	0	6.98812019566737e-05	0.000188765741714532	0	0.000238617924978524	0.000247798406465632	0	0	9.4535829079221e-05	3.59854618734031e-05	0.000291216898345888	0	0.000200344592699443	7.10951015475034e-05	0	0
"D-Fructuronate -- Consumption"	0	0	0	0	3.21116629559856e-05	0	0	0	0	0	0	0	0.000152895179433414	0	0.000134542421225412	0	0	0	0	6.98812019566737e-05	0.000188765741714532	0	0.000238617924978524	0.000247798406465632	0	0	9.4535829079221e-05	3.59854618734031e-05	0.000291216898345888	0	0.000200344592699443	7.10951015475034e-05	0	0
"D-Tagaturonate -- Consumption"	0	0	0	0	3.21116629559856e-05	0	0	0	0	0	0	0	0.000152895179433414	0	0.000134542421225412	0	0	0	0	6.98812019566737e-05	0.000188765741714532	0	0.000238617924978524	0.000247798406465632	0	0	9.4535829079221e-05	3.59854618734031e-05	0.000291216898345888	0	0.000200344592699443	7.10951015475034e-05	0	0
"Indole-3-acetate (Indoleacetate) -- Production"	0	0	0	0	3.21116629559856e-05	0	0	0	0	0	0	0	0.000152895179433414	0	0.000134542421225412	0	0	0	0	6.98812019566737e-05	0.000188765741714532	0	0.000238617924978524	0.000247798406465632	0	0	9.4535829079221e-05	3.59854618734031e-05	0.000291216898345888	0	0.000200344592699443	7.10951015475034e-05	0	0
"L-Idonate -- Consumption"	0	0	0	0	3.21116629559856e-05	0	0	0	0	0	0	0	0.000152895179433414	0	0.000134542421225412	0	0	0	0	6.98812019566737e-05	0.000188765741714532	0	0.000238617924978524	0.000247798406465632	0	0	9.4535829079221e-05	3.59854618734031e-05	0.000291216898345888	0	0.000200344592699443	7.10951015475034e-05	0	0
"L-Threonine (Threonine) -- Production"	0	0	0	0	3.21116629559856e-05	0	0	0	0	0	0	0	0.000152895179433414	0	0.000134542421225412	0	0	0	0	6.98812019566737e-05	0.000188765741714532	0	0.000238617924978524	0.000247798406465632	0	0	9.4535829079221e-05	3.59854618734031e-05	0.000291216898345888	0	0.000200344592699443	7.10951015475034e-05	0	0
"Niacin (Vitamin B3, Nicotinic acid, Nicotinate, Nicotinamide, Vitamin B3) -- Production"	0	0	0	0	3.21116629559856e-05	0	0	0	0	0	0	0	0.000152895179433414	0	0.000134542421225412	0	0	0	0	6.98812019566737e-05	0.000188765741714532	0	0.000238617924978524	0.000247798406465632	0	0	9.4535829079221e-05	3.59854618734031e-05	0.000291216898345888	0	0.000200344592699443	7.10951015475034e-05	0	0
"Pentanol -- Production"	0	0	0	0	3.21116629559856e-05	0	0	0	0	0	0	0	0.000152895179433414	0	0.000134542421225412	0	0	0	0	6.98812019566737e-05	0.000188765741714532	0	0.000238617924978524	0.000247798406465632	0	0	9.4535829079221e-05	3.59854618734031e-05	0.000291216898345888	0	0.000200344592699443	7.10951015475034e-05	0	0
"Riboflavin (Vitamin B2) -- Production"	0	0	0	0	3.21116629559856e-05	0	0	0	0	0	0	0	0.000152895179433414	0	0.000134542421225412	0	0	0	0	6.98812019566737e-05	0.000188765741714532	0	0.000238617924978524	0.000247798406465632	0	0	9.4535829079221e-05	3.59854618734031e-05	0.000291216898345888	0	0.000200344592699443	7.10951015475034e-05	0	0
"Sulfate (Sulfuric acid, Sulfite) -- Consumption"	0	0	0	0	3.21116629559856e-05	0	0	0	0	0	0	0	0.000152895179433414	0	0.000134542421225412	0	0	0	0	6.98812019566737e-05	0.000188765741714532	0	0.000238617924978524	0.000247798406465632	0	0	9.4535829079221e-05	3.59854618734031e-05	0.000291216898345888	0	0.000200344592699443	7.10951015475034e-05	0	0
"Thiamine (Vitamin B1, Thiamin) -- Production"	0	0	0	0	3.21116629559856e-05	0	0	0	0	0	0	0	0.000152895179433414	0	0.000134542421225412	0	0	0	0	6.98812019566737e-05	0.000188765741714532	0	0.000238617924978524	0.000247798406465632	0	0	9.4535829079221e-05	3.59854618734031e-05	0.000291216898345888	0	0.000200344592699443	7.10951015475034e-05	0	0
"Thiosulfate -- Consumption"	0	0	0	0	3.21116629559856e-05	0	0	0	0	0	0	0	0.000152895179433414	0	0.000134542421225412	0	0	0	0	6.98812019566737e-05	0.000188765741714532	0	0.000238617924978524	0.000247798406465632	0	0	9.4535829079221e-05	3.59854618734031e-05	0.000291216898345888	0	0.000200344592699443	7.10951015475034e-05	0	0
"Choline -- Consumption"	0	0	0	0	0	0	0	0	0	0	0	6.44953240890035e-05	0.000109210842452439	0	0	0	0	0	0	0.000890985324947589	0.000134832672653237	8.14376459091156e-05	0.00019089433998282	0	4.30607587305688e-05	0	0	5.99757697890052e-05	0	0	2.00344592699443e-05	0	0	0
"Tauro-b-muricholic acid -- Consumption"	0	0	0	0	3.21116629559856e-05	0.000199334223692866	0	5.42947116950809e-05	0	3.20034136974611e-05	0	6.44953240890035e-05	0.000109210842452439	0	0	0.00036036036036036	0	0	6.29009938357026e-05	0	0	0.000244312937727347	7.15853774935573e-05	1.90614158819717e-05	0	0.000148540588715867	0	3.59854618734031e-05	0	0	0	7.10951015475034e-05	6.02542730321959e-05	0
"beta-Muricholic acid -- Production"	0	0	0	0	3.21116629559856e-05	0.000199334223692866	0	5.42947116950809e-05	0	3.20034136974611e-05	0	6.44953240890035e-05	0.000109210842452439	0	0	0.00036036036036036	0	0	6.29009938357026e-05	0	0	0.000244312937727347	7.15853774935573e-05	1.90614158819717e-05	0	0.000148540588715867	0	3.59854618734031e-05	0	0	0	7.10951015475034e-05	6.02542730321959e-05	0
"5-Aminovalerate -- Production"	0	0	0	0	0	0	0	0.000901292214138343	0	0	0	0	0	0	0	0	0	0	0	0	0	0	0	0	0	0	0	0.00057576738997445	0	0	0	0	0	0
"L-Alanine (D-Alanine, Alanine) -- Consumption"	0	0	0	0	0	0	0	0.000901292214138343	0	0	0	0	0	0	0	0	0	0	0	0	0	0	0	0	0	0	0	0.00057576738997445	0	0	0	0	0	0
"L-Glycine (Glycine) -- Consumption"	0	0	0	0	0	0	0	0.000901292214138343	0	0	0	0	0	0	0	0	0	0	0	0	0	0	0	0	0	0	0	0.00057576738997445	0	0	0	0	0	0
"L-Isoleucine (Isoleucine) -- Consumption"	0	0	0	0	0	0	0	0.000901292214138343	0	0	0	0	0	0	0	0	0	0	0	0	0	0	0	0	0	0	0	0.00057576738997445	0	0	0	0	0	0
"L-Proline (Proline, D-Proline) -- Consumption"	0	0	0	0	0	0	0	0.000901292214138343	0	0	0	0	0	0	0	0	0	0	0	0	0	0	0	0	0	0	0	0.00057576738997445	0	0	0	0	0	0
"p-Cresol (4-methylphenol, 4-cresol) -- Production"	0	0	0	0	0	0	0	0.000901292214138343	0	0	0	0	0	0	0	0	0	0	0	0	0	0	0	0	0	0	0	0.00057576738997445	0	0	0	0	0	0
"alpha-Linolenic acid (Omega-3 fatty acid, eicosapentaenoic acid) -- Consumption"	0	3.45988836093555e-05	0	0	3.21116629559856e-05	0	0	3.25768270170485e-05	2.58547137452277e-05	3.20034136974611e-05	2.61935528935145e-05	0	0	5.43383759346201e-05	0	0	7.28204829454429e-05	0	6.29009938357026e-05	0	0	0.000488625875454693	0	1.90614158819717e-05	4.30607587305688e-05	0.000198054118287822	5.67214974475326e-05	3.59854618734031e-05	5.82433796691776e-05	0	0	0.000118491835912506	0	4.54173857752748e-05
"Propanol (n-propanol, 1-Propanol) -- Production"	0	0	5.45474380886578e-05	0	0	0	0	0	0	3.20034136974611e-05	0	0	0	0	0	0	0	0.000734394124847001	0	1.74703004891684e-05	8.08996035919424e-05	0	7.15853774935573e-05	1.90614158819717e-05	0	0	0	0	5.82433796691776e-05	0	0	0	6.02542730321959e-05	0
"1,2-propanediol (Propene diol, Propylene glycol, [R]-1,2-propanediol, [R]-propane-1,2-diol, [S]-1,2-propanediol, [S]-propane-1,2-diol) -- Consumption"	0	0	5.45474380886578e-05	0	0	0	0	0	0	0	0	0	0	0	0	0	0	0.000734394124847001	0	1.74703004891684e-05	8.08996035919424e-05	0	7.15853774935573e-05	1.90614158819717e-05	0	0	0	0	5.82433796691776e-05	0	0	0	0	0
"Stearic acid (Stearate, Octadecanoate) -- Production"	0	0	0	0	3.21116629559856e-05	0	0	0	8.61823791507588e-05	3.20034136974611e-05	0	0	6.55265054714632e-05	5.43383759346201e-05	0	0	0	0	6.29009938357026e-05	0	8.08996035919424e-05	0.000108583527878821	0	0	0	0.000123783823929889	0	0	5.82433796691776e-05	9.58834057785732e-05	0	0.000165888570277508	0	0
"[R,R]-2,3-Butanediol ([R,R]-Butanediol, [S,S]-2,3-Butanediol, [S,S]-Butanediol) -- Production"	0	0	0	0	0	0	0	0.000108589423390162	0	0	0	0	0	0	0	0	0	0.000734394124847001	0	0	0	0	0	0	0	0	0	0	0	0	0	0	0	0
"H2 (Hydrogen) -- Consumption"	0	0	0	0	3.21116629559856e-05	5.98002671078597e-05	0	0	0	0	2.61935528935145e-05	0.000107492206815006	0	0.00010867675186924	0	0	0	0	0	1.74703004891684e-05	0	0.000135729409848526	0	0	4.30607587305688e-05	2.47567647859778e-05	0	0	0	0.000159805676297622	0	0	6.02542730321959e-05	0
"Oxaloacetate -- Consumption"	0	0	0	0	0	0	0	5.42947116950809e-05	0	0	0	0	0	0	0	0	0	0	0	0.000262054507337526	0	0	0	0	0	0	0	0	0	0	2.00344592699443e-05	0	0	0
"H2S (HS-) -- Production"	0	0	0	0	3.21116629559856e-05	0	0	3.25768270170485e-05	0	0	0	0	0	0	0	0	0	0	0	0	0.000134832672653237	2.71458819697052e-05	0	0	0	0	0	0	0	0	0	0	0	0
